Bike Name,Model,Manufacturer,Avg Lifespan (years),Demand,Base Price (INR),Base Price (USD)
Racer,GT500,Hero,11,Low,134218,1610.62
Rogue,TX900,Yamaha,5,Medium,74891,898.69
Storm,X100,Hero,15,High,150470,1805.64
Racer,MX200,Yamaha,9,High,113164,1357.97
Racer,GT500,BMW,11,High,144234,1730.81
Speedster,ZR700,Yamaha,11,High,195878,2350.54
Falcon,X100,KTM,9,High,93686,1124.23
Speedster,TX900,Hero,6,Medium,164479,1973.75
Falcon,TX900,BMW,10,Low,79696,956.35
Racer,TX900,Hero,5,Medium,180888,2170.66
Storm,TX900,BMW,11,High,60204,722.45
Rogue,X100,Honda,10,Low,162275,1947.3
Storm,ZR700,Honda,12,Low,119720,1436.64
Cruiser,ZR700,KTM,9,Medium,107556,1290.67
Storm,ZR700,Hero,14,Medium,192149,2305.79
Storm,ZR700,Suzuki,7,Medium,166254,1995.05
Rogue,MX200,Honda,12,Low,61967,743.6
Speedster,TX900,Honda,13,High,85896,1030.75
Falcon,Pro300,Yamaha,14,Low,117167,1406
Racer,Pro300,Honda,8,High,180760,2169.12
Cruiser,X100,Suzuki,5,High,151067,1812.8
Falcon,ZR700,Hero,13,Medium,183669,2204.03
Cruiser,ZR700,Suzuki,8,High,158751,1905.01
Speedster,Pro300,Yamaha,12,High,67654,811.85
Storm,MX200,Suzuki,9,Medium,116413,1396.96
Falcon,TX900,BMW,10,Medium,161970,1943.64
Rogue,MX200,Suzuki,9,Medium,111109,1333.31
Racer,TX900,Suzuki,5,Medium,144948,1739.38
Racer,TX900,BMW,13,Medium,137018,1644.22
Racer,X100,Yamaha,13,Medium,157094,1885.13
Storm,ZR700,KTM,8,Low,79694,956.33
Speedster,TX900,Honda,14,High,135144,1621.73
Racer,GT500,Suzuki,11,Low,199037,2388.44
Cruiser,X100,Honda,9,Low,108712,1304.54
Cruiser,Pro300,Honda,9,High,57264,687.17
Storm,X100,BMW,7,Medium,137207,1646.48
Speedster,ZR700,Honda,10,Medium,191217,2294.6
Racer,Pro300,Suzuki,12,Medium,81676,980.11
Racer,GT500,Hero,10,Medium,159982,1919.78
Speedster,TX900,Hero,6,High,185020,2220.24
Rogue,ZR700,Yamaha,10,Low,123913,1486.96
Cruiser,TX900,Yamaha,8,Medium,113935,1367.22
Cruiser,MX200,BMW,8,High,92807,1113.68
Rogue,MX200,KTM,10,High,101537,1218.44
Rogue,ZR700,Hero,6,Medium,139633,1675.6
Cruiser,X100,Yamaha,9,Low,163576,1962.91
Falcon,MX200,Honda,8,Low,57011,684.13
Cruiser,GT500,Hero,6,Medium,186321,2235.85
Racer,ZR700,Hero,13,High,84603,1015.24
Storm,TX900,Suzuki,5,High,120181,1442.17
Racer,MX200,Suzuki,5,High,83436,1001.23
Cruiser,X100,KTM,5,Low,182366,2188.39
Rogue,TX900,Hero,14,High,61137,733.64
Speedster,TX900,Hero,7,High,120473,1445.68
Storm,TX900,Honda,11,High,167028,2004.34
Cruiser,X100,Yamaha,14,Low,185827,2229.92
Cruiser,X100,Honda,10,High,69180,830.16
Storm,MX200,BMW,13,Low,161332,1935.98
Rogue,ZR700,BMW,6,High,137312,1647.74
Falcon,ZR700,KTM,9,High,189141,2269.69
Falcon,TX900,Honda,12,Medium,122189,1466.27
Cruiser,Pro300,Hero,5,High,98454,1181.45
Cruiser,TX900,Hero,14,Medium,138664,1663.97
Storm,ZR700,Hero,6,Low,123477,1481.72
Rogue,GT500,BMW,13,Medium,89503,1074.04
Falcon,GT500,Honda,13,Medium,69984,839.81
Storm,GT500,KTM,9,Low,159491,1913.89
Speedster,TX900,Hero,15,Medium,179287,2151.44
Storm,X100,Yamaha,14,High,96084,1153.01
Rogue,Pro300,Yamaha,7,Medium,117743,1412.92
Storm,Pro300,BMW,6,Medium,157456,1889.47
Racer,TX900,KTM,15,Medium,135712,1628.54
Falcon,TX900,KTM,6,Medium,83828,1005.94
Rogue,GT500,Hero,15,Medium,76003,912.04
Speedster,ZR700,Suzuki,9,Medium,78011,936.13
Storm,Pro300,Suzuki,14,Medium,155808,1869.7
Falcon,ZR700,KTM,13,High,68501,822.01
Cruiser,X100,Hero,12,Low,74368,892.42
Racer,GT500,Suzuki,13,Low,124024,1488.29
Racer,X100,Hero,11,Medium,77674,932.09
Speedster,TX900,Yamaha,10,High,57783,693.4
Speedster,Pro300,BMW,14,High,134533,1614.4
Storm,GT500,Suzuki,13,High,117831,1413.97
Racer,ZR700,Suzuki,10,Medium,198395,2380.74
Racer,ZR700,Suzuki,9,High,161893,1942.72
Storm,TX900,BMW,10,Low,173269,2079.23
Falcon,Pro300,Honda,13,Low,173914,2086.97
Speedster,ZR700,Yamaha,8,Low,134686,1616.23
Rogue,Pro300,KTM,12,High,108409,1300.91
Falcon,MX200,Yamaha,13,High,139525,1674.3
Cruiser,X100,Honda,14,Low,165290,1983.48
Speedster,MX200,Honda,8,Medium,139789,1677.47
Storm,MX200,Suzuki,11,High,97995,1175.94
Storm,X100,KTM,6,High,104230,1250.76
Storm,TX900,KTM,7,High,158610,1903.32
Storm,ZR700,Suzuki,6,Medium,78292,939.5
Falcon,MX200,BMW,14,High,163071,1956.85
Racer,GT500,Yamaha,7,Low,148229,1778.75
Storm,TX900,BMW,10,Low,93912,1126.94
Racer,TX900,Hero,6,Medium,119406,1432.87
Rogue,ZR700,BMW,15,Medium,135191,1622.29
Storm,MX200,KTM,15,Medium,91734,1100.81
Storm,ZR700,BMW,13,Medium,179417,2153
Falcon,Pro300,Honda,8,Low,118428,1421.14
Cruiser,Pro300,Yamaha,11,High,147085,1765.02
Rogue,X100,Honda,13,High,60383,724.6
Falcon,GT500,KTM,7,Low,187697,2252.36
Storm,GT500,KTM,12,Low,53672,644.06
Racer,GT500,Honda,12,Low,189013,2268.16
Racer,TX900,Honda,14,Medium,104164,1249.97
Speedster,GT500,Hero,6,Medium,185130,2221.56
Falcon,Pro300,Suzuki,12,Medium,123150,1477.8
Racer,X100,BMW,15,High,154799,1857.59
Storm,ZR700,Hero,7,High,77950,935.4
Speedster,TX900,BMW,8,Medium,89509,1074.11
Cruiser,GT500,Honda,13,Medium,60483,725.8
Rogue,X100,Honda,9,Low,71696,860.35
Storm,X100,Suzuki,12,Low,113156,1357.87
Racer,TX900,KTM,10,Medium,85987,1031.84
Rogue,Pro300,BMW,6,Medium,143962,1727.54
Rogue,MX200,KTM,6,Low,175125,2101.5
Speedster,ZR700,BMW,10,Medium,172449,2069.39
Falcon,TX900,Suzuki,13,High,143112,1717.34
Speedster,X100,Honda,7,Medium,90008,1080.1
Rogue,GT500,Suzuki,7,Low,171658,2059.9
Rogue,GT500,Honda,13,High,83492,1001.9
Cruiser,GT500,Yamaha,11,Medium,125520,1506.24
Storm,ZR700,Suzuki,7,Low,99516,1194.19
Cruiser,GT500,Suzuki,10,Low,181774,2181.29
Speedster,GT500,KTM,11,Medium,54025,648.3
Cruiser,TX900,Hero,10,High,71445,857.34
Cruiser,TX900,Hero,10,Medium,157884,1894.61
Falcon,X100,BMW,12,Low,195258,2343.1
Rogue,TX900,Honda,12,High,176742,2120.9
Rogue,ZR700,Hero,7,Low,172221,2066.65
Speedster,TX900,Honda,11,High,197688,2372.26
Racer,TX900,KTM,8,Low,173494,2081.93
Storm,MX200,Suzuki,7,Low,99522,1194.26
Falcon,ZR700,Yamaha,9,Low,193583,2323
Cruiser,TX900,KTM,15,Low,78862,946.34
Storm,Pro300,Suzuki,8,Medium,53176,638.11
Racer,MX200,Suzuki,10,Low,100654,1207.85
Storm,ZR700,Hero,13,Low,151797,1821.56
Falcon,MX200,Yamaha,5,Low,142110,1705.32
Racer,TX900,Suzuki,10,Low,108231,1298.77
Speedster,ZR700,KTM,12,Low,149195,1790.34
Cruiser,X100,Honda,5,Medium,105501,1266.01
Speedster,ZR700,Suzuki,14,Medium,172138,2065.66
Speedster,Pro300,KTM,7,Low,60229,722.75
Racer,X100,KTM,12,Low,196235,2354.82
Rogue,TX900,Yamaha,9,Medium,78558,942.7
Speedster,ZR700,Hero,6,Low,83231,998.77
Rogue,ZR700,KTM,11,High,59503,714.04
Storm,TX900,BMW,13,Medium,180591,2167.09
Racer,MX200,Honda,15,Medium,193001,2316.01
Rogue,GT500,Yamaha,5,Low,68388,820.66
Falcon,MX200,Honda,15,Medium,175842,2110.1
Storm,X100,Honda,8,Medium,139499,1673.99
Cruiser,ZR700,Hero,10,Medium,59913,718.96
Rogue,ZR700,Suzuki,11,Medium,169227,2030.72
Falcon,Pro300,BMW,7,High,178957,2147.48
Speedster,TX900,Hero,10,High,126054,1512.65
Speedster,X100,KTM,6,High,162346,1948.15
Speedster,TX900,Hero,10,High,54272,651.26
Racer,ZR700,Hero,6,Medium,199323,2391.88
Storm,TX900,KTM,9,High,182277,2187.32
Cruiser,Pro300,Yamaha,13,Low,178820,2145.84
Cruiser,GT500,Yamaha,13,Medium,51590,619.08
Falcon,ZR700,Yamaha,12,Low,197474,2369.69
Storm,GT500,Suzuki,6,High,150021,1800.25
Rogue,MX200,Honda,10,High,116346,1396.15
Falcon,MX200,Suzuki,15,Low,144908,1738.9
Rogue,X100,Hero,7,High,55347,664.16
Racer,ZR700,Hero,15,High,122950,1475.4
Racer,MX200,Hero,10,Medium,103499,1241.99
Speedster,MX200,KTM,8,Medium,127804,1533.65
Racer,Pro300,Yamaha,10,High,177067,2124.8
Speedster,Pro300,Suzuki,6,High,87880,1054.56
Storm,GT500,KTM,15,Low,150832,1809.98
Cruiser,TX900,KTM,11,Low,133932,1607.18
Cruiser,X100,Suzuki,14,High,174387,2092.64
Cruiser,TX900,BMW,14,High,188277,2259.32
Racer,ZR700,Suzuki,12,High,132597,1591.16
Speedster,Pro300,Yamaha,12,Low,148250,1779
Speedster,X100,Hero,10,High,117363,1408.36
Falcon,ZR700,Hero,15,Low,69215,830.58
Rogue,ZR700,BMW,5,High,152578,1830.94
Cruiser,TX900,Suzuki,12,Medium,128409,1540.91
Falcon,ZR700,Suzuki,14,High,118041,1416.49
Speedster,GT500,KTM,13,Low,68248,818.98
Falcon,MX200,Yamaha,10,Low,152850,1834.2
Falcon,TX900,KTM,9,Medium,187444,2249.33
Speedster,X100,Hero,5,Low,118034,1416.41
Speedster,ZR700,Honda,10,High,51897,622.76
Falcon,ZR700,Suzuki,6,High,95487,1145.84
Racer,ZR700,Yamaha,6,Medium,83842,1006.1
Rogue,GT500,Yamaha,9,High,107004,1284.05
Racer,Pro300,BMW,13,High,122910,1474.92
Racer,Pro300,Hero,12,Medium,133860,1606.32
Speedster,Pro300,Hero,14,High,90244,1082.93
Speedster,X100,Hero,10,Medium,105831,1269.97
Racer,X100,BMW,13,Medium,163240,1958.88
Racer,ZR700,Honda,6,Medium,162384,1948.61
Rogue,X100,BMW,5,Medium,190543,2286.52
Rogue,TX900,Yamaha,9,Medium,98141,1177.69
Storm,MX200,Hero,14,Medium,171485,2057.82
Rogue,MX200,BMW,13,High,147576,1770.91
Rogue,GT500,Suzuki,11,Low,101206,1214.47
Cruiser,X100,KTM,8,Medium,74011,888.13
Speedster,X100,Hero,9,High,77624,931.49
Racer,Pro300,Suzuki,6,Low,111060,1332.72
Speedster,TX900,Honda,5,Medium,166960,2003.52
Racer,X100,Honda,10,High,90568,1086.82
Racer,Pro300,BMW,15,Low,78923,947.08
Falcon,X100,Suzuki,8,Low,112669,1352.03
Rogue,TX900,Yamaha,11,Low,54708,656.5
Racer,TX900,KTM,15,High,130142,1561.7
Speedster,X100,Honda,11,Low,176084,2113.01
Rogue,Pro300,Suzuki,9,Medium,93242,1118.9
Storm,GT500,Yamaha,10,High,198928,2387.14
Storm,X100,BMW,5,Low,126688,1520.26
Cruiser,GT500,Honda,5,Medium,62172,746.06
Racer,X100,Honda,15,High,79688,956.26
Cruiser,GT500,Suzuki,15,High,129921,1559.05
Speedster,TX900,Honda,11,Low,130375,1564.5
Storm,MX200,Suzuki,8,High,58937,707.24
Falcon,GT500,Suzuki,8,High,78405,940.86
Speedster,GT500,Yamaha,14,High,188847,2266.16
Speedster,MX200,BMW,14,Low,55831,669.97
Racer,Pro300,Yamaha,13,Low,161755,1941.06
Racer,GT500,KTM,8,Medium,66935,803.22
Storm,TX900,BMW,8,High,138670,1664.04
Cruiser,TX900,KTM,14,High,185016,2220.19
Cruiser,ZR700,Yamaha,8,High,181640,2179.68
Racer,Pro300,Yamaha,12,Low,178544,2142.53
Rogue,TX900,KTM,9,High,160908,1930.9
Storm,GT500,Honda,6,Medium,152261,1827.13
Speedster,Pro300,BMW,11,High,181397,2176.76
Cruiser,Pro300,Yamaha,7,High,107160,1285.92
Falcon,GT500,Yamaha,7,High,155004,1860.05
Storm,X100,Yamaha,11,Medium,142914,1714.97
Speedster,MX200,KTM,10,Low,106293,1275.52
Storm,Pro300,Yamaha,8,High,138430,1661.16
Speedster,Pro300,Honda,12,High,99408,1192.9
Racer,MX200,Hero,14,Medium,185525,2226.3
Cruiser,Pro300,Suzuki,6,Medium,149658,1795.9
Cruiser,MX200,Suzuki,15,Medium,141258,1695.1
Speedster,MX200,Hero,10,High,174516,2094.19
Rogue,Pro300,Suzuki,10,Low,62517,750.2
Rogue,X100,Suzuki,7,Low,86430,1037.16
Speedster,GT500,Hero,14,Medium,100283,1203.4
Racer,ZR700,Honda,11,Medium,169040,2028.48
Speedster,ZR700,Suzuki,7,Low,81703,980.44
Speedster,ZR700,Yamaha,12,Low,80037,960.44
Racer,GT500,KTM,10,High,51799,621.59
Rogue,X100,Suzuki,13,Medium,122349,1468.19
Racer,ZR700,Yamaha,9,Low,158302,1899.62
Cruiser,GT500,BMW,12,Medium,54612,655.34
Speedster,TX900,Honda,10,High,77237,926.84
Racer,GT500,BMW,8,Medium,169358,2032.3
Racer,GT500,Suzuki,7,Medium,127086,1525.03
Rogue,ZR700,Hero,14,Medium,183872,2206.46
Racer,GT500,BMW,9,Low,80644,967.73
Falcon,ZR700,Yamaha,10,Medium,191108,2293.3
Speedster,ZR700,Yamaha,11,Low,135555,1626.66
Rogue,MX200,Yamaha,13,High,181276,2175.31
Storm,Pro300,Suzuki,11,High,54566,654.79
Cruiser,GT500,Suzuki,12,Medium,167948,2015.38
Cruiser,TX900,KTM,9,High,96984,1163.81
Falcon,TX900,BMW,12,High,88674,1064.09
Falcon,Pro300,Suzuki,12,High,91282,1095.38
Rogue,GT500,Yamaha,10,High,149778,1797.34
Racer,MX200,BMW,13,Low,153879,1846.55
Rogue,MX200,BMW,7,Low,124807,1497.68
Speedster,Pro300,Yamaha,12,Medium,125092,1501.1
Cruiser,ZR700,BMW,9,Medium,129162,1549.94
Speedster,TX900,Yamaha,14,Medium,183608,2203.3
Storm,MX200,Yamaha,10,High,113080,1356.96
Speedster,MX200,Hero,14,Low,189859,2278.31
Rogue,MX200,Yamaha,6,Medium,75996,911.95
Cruiser,ZR700,KTM,5,Low,181050,2172.6
Storm,GT500,KTM,9,High,114578,1374.94
Speedster,MX200,Yamaha,12,Medium,60184,722.21
Storm,TX900,Yamaha,13,High,157331,1887.97
Storm,Pro300,Yamaha,8,Medium,163177,1958.12
Speedster,ZR700,Hero,13,Medium,115134,1381.61
Cruiser,TX900,Hero,5,Medium,88848,1066.18
Falcon,X100,Hero,11,Medium,160543,1926.52
Falcon,ZR700,Yamaha,9,High,74867,898.4
Falcon,TX900,Hero,15,Low,128819,1545.83
Falcon,MX200,BMW,15,Low,172279,2067.35
Storm,MX200,Hero,8,Medium,139524,1674.29
Speedster,Pro300,Yamaha,12,Low,59608,715.3
Racer,X100,KTM,12,Medium,97996,1175.95
Speedster,GT500,KTM,14,Medium,190472,2285.66
Cruiser,MX200,KTM,11,High,125068,1500.82
Rogue,ZR700,KTM,9,Low,160890,1930.68
Cruiser,ZR700,Suzuki,15,Medium,77023,924.28
Speedster,TX900,Honda,6,Medium,197830,2373.96
Speedster,TX900,KTM,8,Medium,162743,1952.92
Falcon,Pro300,Yamaha,12,High,82074,984.89
Storm,ZR700,Honda,14,High,76848,922.18
Storm,GT500,Yamaha,13,High,122023,1464.28
Falcon,X100,Honda,6,Medium,165275,1983.3
Rogue,TX900,Honda,10,Low,161483,1937.8
Falcon,TX900,KTM,7,Low,88308,1059.7
Speedster,MX200,Hero,14,Low,66075,792.9
Storm,GT500,Yamaha,10,Medium,54029,648.35
Cruiser,ZR700,Honda,13,Low,61787,741.44
Speedster,ZR700,Yamaha,14,Low,168663,2023.96
Rogue,ZR700,KTM,15,Medium,137270,1647.24
Storm,TX900,Honda,12,Medium,186477,2237.72
Storm,ZR700,BMW,14,Low,181933,2183.2
Speedster,TX900,Honda,9,Medium,151364,1816.37
Rogue,X100,Suzuki,5,High,97122,1165.46
Storm,Pro300,KTM,5,High,97155,1165.86
Speedster,TX900,Suzuki,14,Medium,107778,1293.34
Racer,MX200,Suzuki,13,Low,126112,1513.34
Storm,GT500,Suzuki,15,High,135436,1625.23
Storm,Pro300,Honda,13,Low,104457,1253.48
Rogue,MX200,BMW,8,Medium,139254,1671.05
Rogue,TX900,Yamaha,6,Medium,60954,731.45
Rogue,TX900,Suzuki,11,Low,87205,1046.46
Rogue,MX200,Suzuki,12,Low,160044,1920.53
Cruiser,MX200,Hero,9,Medium,189172,2270.06
Falcon,GT500,KTM,10,Low,143204,1718.45
Cruiser,MX200,Hero,8,Low,63568,762.82
Falcon,X100,Suzuki,5,High,139490,1673.88
Cruiser,GT500,Hero,5,Low,117951,1415.41
Storm,X100,Hero,6,Medium,111187,1334.24
Falcon,TX900,Honda,11,Medium,55367,664.4
Rogue,TX900,Suzuki,8,High,167801,2013.61
Cruiser,Pro300,Yamaha,7,Low,70549,846.59
Speedster,TX900,Suzuki,11,High,93672,1124.06
Speedster,TX900,Honda,8,High,73678,884.14
Cruiser,ZR700,Yamaha,8,High,93701,1124.41
Falcon,MX200,KTM,5,Medium,53067,636.8
Storm,Pro300,KTM,14,Low,179053,2148.64
Racer,ZR700,Hero,10,Medium,171061,2052.73
Speedster,MX200,Yamaha,13,Low,117331,1407.97
Storm,ZR700,Hero,7,High,174027,2088.32
Cruiser,ZR700,Honda,12,High,191681,2300.17
Speedster,GT500,KTM,11,Low,108251,1299.01
Storm,Pro300,Suzuki,10,Low,125322,1503.86
Racer,ZR700,BMW,5,Medium,75625,907.5
Speedster,ZR700,BMW,7,Low,135564,1626.77
Rogue,GT500,KTM,8,High,133111,1597.33
Speedster,X100,Hero,12,Low,87403,1048.84
Rogue,Pro300,Honda,12,Medium,198912,2386.94
Rogue,X100,Yamaha,12,High,79187,950.24
Storm,GT500,Honda,7,Low,152603,1831.24
Storm,MX200,Suzuki,12,Medium,122976,1475.71
Falcon,GT500,Hero,7,Low,132890,1594.68
Racer,X100,BMW,9,Medium,59258,711.1
Storm,MX200,BMW,14,High,156261,1875.13
Storm,X100,BMW,14,Medium,162206,1946.47
Speedster,MX200,Yamaha,8,High,102178,1226.14
Rogue,GT500,KTM,9,Medium,138167,1658
Rogue,TX900,Yamaha,12,High,187306,2247.67
Rogue,X100,Hero,12,Medium,137001,1644.01
Racer,MX200,Hero,5,High,121415,1456.98
Speedster,ZR700,BMW,8,Medium,108531,1302.37
Falcon,ZR700,KTM,6,High,102931,1235.17
Speedster,GT500,Suzuki,7,High,166302,1995.62
Cruiser,ZR700,Suzuki,6,Medium,183829,2205.95
Rogue,TX900,Suzuki,5,Low,61448,737.38
Cruiser,X100,Suzuki,7,Low,129433,1553.2
Speedster,ZR700,Honda,6,High,65808,789.7
Cruiser,Pro300,Hero,14,High,186597,2239.16
Falcon,X100,KTM,7,Medium,155301,1863.61
Falcon,Pro300,KTM,6,Low,54842,658.1
Cruiser,GT500,KTM,11,Medium,146422,1757.06
Speedster,MX200,BMW,13,Low,134371,1612.45
Speedster,ZR700,Yamaha,6,Low,183992,2207.9
Cruiser,X100,Yamaha,8,Medium,98468,1181.62
Storm,ZR700,Suzuki,8,Low,135499,1625.99
Racer,ZR700,Hero,14,Medium,165728,1988.74
Speedster,X100,Honda,8,Medium,158537,1902.44
Speedster,X100,Yamaha,14,Low,107761,1293.13
Rogue,Pro300,KTM,6,Low,55772,669.26
Storm,GT500,BMW,8,High,197113,2365.36
Falcon,X100,BMW,10,High,85754,1029.05
Racer,ZR700,KTM,11,Medium,187815,2253.78
Speedster,MX200,Yamaha,13,High,166148,1993.78
Racer,X100,Suzuki,9,Low,70274,843.29
Falcon,Pro300,Honda,5,Low,158245,1898.94
Rogue,MX200,BMW,14,Low,175504,2106.05
Speedster,ZR700,Yamaha,9,High,52375,628.5
Cruiser,TX900,Hero,9,High,112160,1345.92
Rogue,X100,BMW,12,High,84857,1018.28
Racer,Pro300,Hero,11,Medium,144859,1738.31
Speedster,TX900,BMW,8,Low,155224,1862.69
Cruiser,X100,Suzuki,13,Medium,83476,1001.71
Speedster,Pro300,Hero,10,Medium,121222,1454.66
Racer,TX900,Suzuki,5,High,171051,2052.61
Cruiser,GT500,KTM,11,Low,104713,1256.56
Speedster,TX900,Suzuki,14,Medium,101454,1217.45
Storm,GT500,Honda,9,Low,187960,2255.52
Speedster,TX900,Hero,14,High,105434,1265.21
Cruiser,GT500,Yamaha,14,Low,102379,1228.55
Cruiser,MX200,Honda,14,High,105096,1261.15
Rogue,GT500,Honda,10,Medium,132944,1595.33
Racer,GT500,Yamaha,14,Medium,169749,2036.99
Speedster,TX900,Hero,10,Medium,170599,2047.19
Falcon,GT500,Hero,12,Medium,161848,1942.18
Rogue,MX200,BMW,15,Low,152806,1833.67
Cruiser,Pro300,Suzuki,5,Low,171037,2052.44
Cruiser,ZR700,BMW,7,Low,195904,2350.85
Rogue,GT500,Suzuki,15,Medium,82170,986.04
Storm,GT500,Yamaha,7,High,185902,2230.82
Falcon,Pro300,Honda,9,Low,178403,2140.84
Falcon,ZR700,KTM,10,High,73254,879.05
Speedster,X100,Honda,6,High,97657,1171.88
Storm,MX200,BMW,15,Medium,177421,2129.05
Rogue,ZR700,KTM,10,Medium,141684,1700.21
Racer,ZR700,Hero,15,Medium,117933,1415.2
Speedster,TX900,BMW,10,Medium,178742,2144.9
Cruiser,Pro300,BMW,14,Medium,141878,1702.54
Racer,X100,Hero,13,High,105193,1262.32
Cruiser,MX200,Honda,9,Low,130667,1568
Racer,Pro300,KTM,15,Low,69665,835.98
Rogue,GT500,Suzuki,10,Medium,141205,1694.46
Storm,TX900,Honda,5,Medium,75017,900.2
Racer,MX200,Suzuki,13,High,192679,2312.15
Storm,TX900,Honda,8,Medium,156941,1883.29
Rogue,Pro300,Suzuki,9,Low,94743,1136.92
Storm,TX900,BMW,7,High,155086,1861.03
Cruiser,GT500,Honda,13,High,174981,2099.77
Rogue,Pro300,Suzuki,13,Low,170223,2042.68
Rogue,X100,Honda,15,High,134108,1609.3
Racer,X100,Hero,8,Low,173785,2085.42
Racer,ZR700,Suzuki,7,Low,103115,1237.38
Storm,TX900,BMW,6,Low,70958,851.5
Speedster,Pro300,BMW,7,Low,148596,1783.15
Racer,MX200,Hero,15,High,153408,1840.9
Rogue,ZR700,KTM,14,Low,129969,1559.63
Storm,ZR700,Suzuki,14,Low,134384,1612.61
Cruiser,Pro300,Honda,15,High,125358,1504.3
Falcon,TX900,Honda,6,Low,99176,1190.11
Storm,X100,KTM,8,Low,184512,2214.14
Rogue,MX200,Honda,11,Medium,146792,1761.5
Storm,TX900,Honda,13,High,179653,2155.84
Cruiser,GT500,KTM,5,Low,62800,753.6
Cruiser,TX900,Hero,10,Medium,160185,1922.22
Storm,MX200,KTM,5,Low,113875,1366.5
Cruiser,ZR700,Honda,12,Medium,66519,798.23
Speedster,ZR700,Yamaha,13,Low,174892,2098.7
Storm,ZR700,Yamaha,5,Medium,114250,1371
Falcon,Pro300,Hero,9,Medium,77272,927.26
Speedster,GT500,KTM,8,High,98814,1185.77
Storm,TX900,BMW,8,High,105308,1263.7
Rogue,X100,Hero,7,Medium,121701,1460.41
Cruiser,ZR700,Hero,12,Medium,158460,1901.52
Storm,X100,Yamaha,11,Medium,59579,714.95
Rogue,TX900,Honda,9,Medium,170136,2041.63
Falcon,TX900,Yamaha,9,Low,124418,1493.02
Racer,TX900,Honda,14,High,162215,1946.58
Racer,X100,Yamaha,7,Low,196231,2354.77
Speedster,X100,Hero,15,Low,163222,1958.66
Rogue,MX200,Hero,8,Low,58103,697.24
Rogue,TX900,BMW,10,High,157057,1884.68
Racer,Pro300,Yamaha,5,Low,61409,736.91
Cruiser,Pro300,Yamaha,8,Medium,168692,2024.3
Cruiser,X100,BMW,8,Medium,77838,934.06
Storm,X100,KTM,5,High,101541,1218.49
Racer,ZR700,BMW,7,Low,190829,2289.95
Speedster,GT500,Suzuki,12,High,58635,703.62
Falcon,X100,Hero,5,Low,187704,2252.45
Rogue,ZR700,BMW,12,Medium,57699,692.39
Speedster,GT500,Yamaha,8,High,140170,1682.04
Storm,GT500,Honda,10,High,170599,2047.19
Cruiser,MX200,Hero,13,Medium,187923,2255.08
Rogue,X100,BMW,11,High,138020,1656.24
Speedster,GT500,BMW,10,Low,81335,976.02
Speedster,GT500,Honda,13,High,96200,1154.4
Speedster,ZR700,KTM,8,Medium,74845,898.14
Cruiser,GT500,KTM,8,Medium,182578,2190.94
Rogue,Pro300,KTM,13,Medium,126261,1515.13
Falcon,MX200,Suzuki,10,Low,93822,1125.86
Rogue,GT500,Suzuki,10,High,180666,2167.99
Cruiser,MX200,Suzuki,9,Medium,119669,1436.03
Rogue,X100,Honda,5,Medium,189677,2276.12
Rogue,TX900,Yamaha,8,Medium,113505,1362.06
Storm,GT500,BMW,12,High,162797,1953.56
Storm,MX200,KTM,7,Low,83745,1004.94
Speedster,ZR700,Suzuki,15,Medium,193279,2319.35
Speedster,X100,Yamaha,11,High,138868,1666.42
Rogue,TX900,Hero,9,High,166357,1996.28
Rogue,X100,Hero,5,Medium,85513,1026.16
Rogue,TX900,Yamaha,12,High,181699,2180.39
Rogue,MX200,Hero,7,Low,84166,1009.99
Cruiser,TX900,Suzuki,5,High,66662,799.94
Speedster,X100,KTM,12,High,128863,1546.36
Speedster,GT500,Yamaha,13,Medium,160755,1929.06
Rogue,TX900,Hero,6,High,179602,2155.22
Storm,TX900,Yamaha,5,Medium,82312,987.74
Racer,MX200,Yamaha,9,Medium,82855,994.26
Speedster,ZR700,Honda,10,Low,176140,2113.68
Cruiser,TX900,KTM,11,Medium,145667,1748
Speedster,ZR700,KTM,5,High,114101,1369.21
Speedster,TX900,Honda,12,Medium,185718,2228.62
Storm,Pro300,Honda,6,Low,199426,2393.11
Racer,GT500,Hero,5,Medium,187933,2255.2
Speedster,MX200,Yamaha,5,Medium,158040,1896.48
Racer,GT500,Honda,15,Low,170060,2040.72
Racer,Pro300,BMW,10,High,147336,1768.03
Racer,Pro300,Hero,10,Low,146044,1752.53
Rogue,GT500,KTM,6,Medium,96350,1156.2
Racer,X100,Honda,8,High,170262,2043.14
Rogue,GT500,BMW,7,High,79048,948.58
Rogue,Pro300,Yamaha,12,Low,172467,2069.6
Rogue,MX200,BMW,8,Medium,100471,1205.65
Storm,GT500,Suzuki,5,High,78701,944.41
Falcon,GT500,Yamaha,6,Medium,107495,1289.94
Racer,ZR700,KTM,6,Medium,193389,2320.67
Speedster,X100,KTM,9,Medium,147990,1775.88
Rogue,TX900,KTM,11,High,90868,1090.42
Storm,X100,Suzuki,14,Medium,77634,931.61
Cruiser,MX200,BMW,11,Low,78421,941.05
Rogue,Pro300,Yamaha,15,Low,66848,802.18
Rogue,ZR700,BMW,5,Low,77435,929.22
Cruiser,TX900,KTM,13,Low,176358,2116.3
Storm,TX900,Yamaha,5,Medium,108013,1296.16
Cruiser,GT500,Yamaha,12,Medium,198170,2378.04
Speedster,ZR700,Hero,6,High,156259,1875.11
Falcon,MX200,KTM,15,Medium,53987,647.84
Storm,TX900,Hero,6,Medium,143224,1718.69
Cruiser,GT500,BMW,13,High,187070,2244.84
Falcon,TX900,BMW,10,Medium,142672,1712.06
Speedster,TX900,Hero,13,Low,85694,1028.33
Racer,TX900,BMW,14,High,106815,1281.78
Racer,X100,Yamaha,8,Low,166727,2000.72
Speedster,Pro300,KTM,15,High,149152,1789.82
Falcon,TX900,Suzuki,8,Medium,68495,821.94
Racer,MX200,Yamaha,6,Medium,50648,607.78
Speedster,MX200,BMW,9,High,162096,1945.15
Storm,X100,Suzuki,15,High,168154,2017.85
Falcon,MX200,KTM,9,High,70323,843.88
Cruiser,ZR700,BMW,9,Low,117309,1407.71
Storm,TX900,Suzuki,13,Low,92913,1114.96
Speedster,X100,Honda,11,High,158179,1898.15
Cruiser,Pro300,KTM,8,Low,176849,2122.19
Storm,GT500,KTM,8,Medium,182906,2194.87
Storm,ZR700,Hero,10,Low,89589,1075.07
Speedster,ZR700,Suzuki,6,High,75255,903.06
Speedster,Pro300,Hero,12,Medium,149318,1791.82
Storm,GT500,Yamaha,14,High,181492,2177.9
Rogue,GT500,Suzuki,14,Low,197507,2370.08
Speedster,Pro300,Honda,10,High,80834,970.01
Falcon,GT500,Honda,13,Low,93546,1122.55
Rogue,MX200,Hero,14,Medium,54096,649.15
Racer,ZR700,BMW,8,Medium,104628,1255.54
Cruiser,X100,KTM,11,High,92007,1104.08
Speedster,TX900,Yamaha,10,High,108557,1302.68
Racer,ZR700,Suzuki,14,Low,105468,1265.62
Storm,MX200,Honda,14,Low,132737,1592.84
Rogue,Pro300,Honda,14,Low,52144,625.73
Speedster,Pro300,Yamaha,5,High,108534,1302.41
Storm,X100,Yamaha,8,Medium,199572,2394.86
Storm,GT500,Yamaha,6,High,66032,792.38
Cruiser,X100,KTM,15,Low,87872,1054.46
Racer,TX900,Hero,12,High,119145,1429.74
Speedster,X100,Hero,11,Low,193875,2326.5
Speedster,Pro300,Hero,12,Medium,84724,1016.69
Falcon,ZR700,Suzuki,8,Low,151532,1818.38
Falcon,ZR700,Honda,15,Medium,55300,663.6
Rogue,ZR700,Honda,15,Medium,166204,1994.45
Storm,TX900,Yamaha,9,Medium,158579,1902.95
Falcon,TX900,Hero,10,Low,123585,1483.02
Cruiser,MX200,Hero,9,Medium,146605,1759.26
Falcon,ZR700,Honda,7,Low,76686,920.23
Speedster,TX900,BMW,7,High,78531,942.37
Storm,TX900,Hero,8,Low,69066,828.79
Cruiser,X100,Hero,6,High,121136,1453.63
Falcon,TX900,Hero,8,High,182605,2191.26
Falcon,MX200,Honda,5,Medium,79212,950.54
Storm,X100,KTM,6,Medium,111126,1333.51
Falcon,MX200,Hero,9,High,196659,2359.91
Storm,Pro300,Hero,15,High,147475,1769.7
Racer,GT500,Suzuki,5,High,110122,1321.46
Falcon,GT500,KTM,13,Medium,168222,2018.66
Falcon,ZR700,Honda,10,Low,104527,1254.32
Rogue,MX200,Honda,11,Medium,75760,909.12
Rogue,GT500,BMW,13,Medium,125812,1509.74
Speedster,Pro300,Honda,10,Low,190153,2281.84
Falcon,MX200,Yamaha,13,Low,77052,924.62
Falcon,TX900,Hero,8,Medium,136558,1638.7
Cruiser,GT500,Suzuki,10,Medium,161913,1942.96
Racer,GT500,BMW,7,Low,131920,1583.04
Falcon,ZR700,Yamaha,5,Low,153534,1842.41
Rogue,MX200,Yamaha,7,Medium,121805,1461.66
Speedster,ZR700,KTM,6,High,198444,2381.33
Racer,MX200,Yamaha,9,Medium,117268,1407.22
Speedster,TX900,BMW,15,High,108166,1297.99
Storm,X100,Hero,11,Low,122563,1470.76
Rogue,ZR700,KTM,13,High,189337,2272.04
Cruiser,ZR700,Hero,6,Low,74392,892.7
Speedster,GT500,Yamaha,8,Medium,83187,998.24
Racer,TX900,BMW,7,Medium,93007,1116.08
Rogue,X100,BMW,10,Medium,83663,1003.96
Speedster,X100,Yamaha,8,Medium,114628,1375.54
Racer,MX200,BMW,14,High,172836,2074.03
Cruiser,ZR700,Hero,12,Medium,143435,1721.22
Falcon,Pro300,Honda,7,High,152427,1829.12
Storm,TX900,Suzuki,14,Low,58118,697.42
Rogue,MX200,Hero,12,Medium,69602,835.22
Racer,GT500,Honda,5,High,85529,1026.35
Storm,TX900,Hero,8,Low,119857,1438.28
Speedster,TX900,Hero,14,High,194521,2334.25
Speedster,GT500,Yamaha,14,Medium,199845,2398.14
Rogue,GT500,Hero,13,Low,79550,954.6
Rogue,GT500,Yamaha,12,Medium,83712,1004.54
Speedster,TX900,KTM,12,Medium,112373,1348.48
Cruiser,MX200,Yamaha,15,Low,118054,1416.65
Falcon,TX900,Suzuki,14,Low,98709,1184.51
Cruiser,TX900,Honda,7,Low,136850,1642.2
Falcon,X100,KTM,11,Medium,53086,637.03
Storm,X100,Suzuki,13,Medium,172760,2073.12
Storm,Pro300,Honda,12,Medium,96069,1152.83
Speedster,MX200,Hero,5,Medium,95937,1151.24
Cruiser,TX900,Suzuki,11,Medium,71529,858.35
Cruiser,X100,Hero,15,High,155151,1861.81
Storm,ZR700,Hero,14,High,134385,1612.62
Storm,X100,Yamaha,15,Low,61020,732.24
Racer,MX200,KTM,11,Medium,189552,2274.62
Rogue,MX200,Hero,12,High,196045,2352.54
Cruiser,MX200,BMW,5,Low,52100,625.2
Racer,MX200,BMW,10,Medium,191622,2299.46
Cruiser,GT500,BMW,8,Low,162541,1950.49
Rogue,MX200,BMW,8,Low,160954,1931.45
Storm,MX200,Yamaha,15,Low,174091,2089.09
Racer,Pro300,KTM,5,Medium,162687,1952.24
Falcon,MX200,BMW,5,High,136753,1641.04
Falcon,MX200,Hero,5,Low,78286,939.43
Storm,ZR700,Yamaha,10,High,185058,2220.7
Rogue,ZR700,Yamaha,11,High,109337,1312.04
Cruiser,GT500,Hero,10,High,197263,2367.16
Falcon,TX900,Suzuki,7,High,146704,1760.45
Racer,ZR700,Suzuki,13,Medium,114570,1374.84
Rogue,X100,BMW,10,Low,60427,725.12
Racer,ZR700,KTM,14,Low,65748,788.98
Falcon,X100,Hero,9,Medium,58423,701.08
Falcon,ZR700,Suzuki,5,Low,111071,1332.85
Speedster,X100,Honda,14,Medium,121772,1461.26
Racer,Pro300,KTM,5,Low,120159,1441.91
Falcon,Pro300,BMW,7,Medium,150486,1805.83
Cruiser,TX900,BMW,14,High,101878,1222.54
Falcon,Pro300,KTM,13,High,87106,1045.27
Racer,Pro300,BMW,14,Low,111003,1332.04
Speedster,MX200,BMW,7,High,72037,864.44
Rogue,MX200,Suzuki,15,Low,51595,619.14
Rogue,Pro300,Hero,7,High,158723,1904.68
Cruiser,TX900,Yamaha,9,High,169328,2031.94
Falcon,GT500,Hero,12,Medium,99507,1194.08
Cruiser,Pro300,Suzuki,13,Low,105478,1265.74
Falcon,ZR700,Suzuki,10,High,92142,1105.7
Cruiser,X100,Hero,7,Low,58283,699.4
Falcon,GT500,BMW,11,Medium,149839,1798.07
Falcon,GT500,BMW,10,High,151125,1813.5
Falcon,TX900,Honda,11,Medium,172976,2075.71
Cruiser,GT500,Honda,5,High,178948,2147.38
Falcon,Pro300,KTM,11,High,128620,1543.44
Rogue,X100,BMW,14,Low,163334,1960.01
Storm,ZR700,Yamaha,15,Low,72764,873.17
Falcon,X100,Hero,13,High,62461,749.53
Speedster,GT500,Suzuki,7,High,156020,1872.24
Rogue,ZR700,Yamaha,6,High,130462,1565.54
Rogue,X100,Yamaha,14,Low,105434,1265.21
Falcon,TX900,Yamaha,9,Low,109868,1318.42
Speedster,Pro300,Yamaha,15,Medium,174150,2089.8
Falcon,TX900,KTM,7,Medium,110598,1327.18
Falcon,TX900,Hero,9,High,106451,1277.41
Rogue,TX900,Honda,5,Medium,118234,1418.81
Racer,GT500,Honda,13,Low,59391,712.69
Cruiser,GT500,Yamaha,15,High,159511,1914.13
Storm,ZR700,Honda,8,High,77163,925.96
Storm,GT500,Honda,9,Medium,80454,965.45
Storm,TX900,BMW,10,High,114024,1368.29
Storm,MX200,Honda,10,High,136931,1643.17
Falcon,MX200,Honda,9,High,63972,767.66
Rogue,GT500,Yamaha,10,Medium,96174,1154.09
Falcon,ZR700,Yamaha,14,High,149018,1788.22
Rogue,MX200,Hero,11,Medium,180329,2163.95
Cruiser,X100,Hero,5,Low,63154,757.85
Cruiser,GT500,Yamaha,7,High,83369,1000.43
Speedster,X100,Hero,5,High,54339,652.07
Falcon,GT500,Honda,8,Medium,152547,1830.56
Cruiser,GT500,Honda,8,High,139231,1670.77
Rogue,X100,KTM,6,High,69383,832.6
Storm,X100,Yamaha,5,Medium,138787,1665.44
Storm,X100,Suzuki,10,Medium,199427,2393.12
Speedster,X100,Honda,11,Low,103108,1237.3
Storm,MX200,Honda,6,High,64939,779.27
Cruiser,Pro300,Honda,13,High,61941,743.29
Speedster,X100,Honda,10,Medium,187791,2253.49
Storm,TX900,BMW,15,High,71149,853.79
Storm,X100,Suzuki,10,Low,117634,1411.61
Storm,Pro300,Yamaha,8,High,58249,698.99
Speedster,ZR700,BMW,12,High,180934,2171.21
Speedster,X100,KTM,14,Low,148340,1780.08
Falcon,TX900,BMW,11,Low,50624,607.49
Storm,TX900,BMW,5,Medium,111151,1333.81
Speedster,ZR700,BMW,6,Medium,97736,1172.83
Rogue,Pro300,BMW,13,Low,134517,1614.2
Falcon,TX900,Yamaha,7,Medium,192961,2315.53
Falcon,MX200,BMW,14,High,74115,889.38
Rogue,ZR700,Suzuki,13,Low,142673,1712.08
Storm,GT500,Honda,9,Low,129088,1549.06
Cruiser,Pro300,BMW,10,Medium,153138,1837.66
Rogue,MX200,KTM,8,Low,75622,907.46
Rogue,GT500,Suzuki,9,High,144622,1735.46
Rogue,X100,Yamaha,14,High,96082,1152.98
Racer,GT500,Hero,10,Low,116100,1393.2
Storm,GT500,Honda,12,High,192563,2310.76
Cruiser,ZR700,KTM,6,Medium,52141,625.69
Racer,TX900,Yamaha,12,High,136607,1639.28
Falcon,ZR700,BMW,8,Low,191231,2294.77
Falcon,ZR700,Hero,14,High,137331,1647.97
Racer,MX200,Honda,7,Medium,181497,2177.96
Cruiser,ZR700,Yamaha,7,High,175244,2102.93
Falcon,Pro300,Yamaha,6,Low,66121,793.45
Storm,ZR700,Hero,10,Medium,118928,1427.14
Speedster,X100,BMW,9,Medium,125107,1501.28
Cruiser,MX200,KTM,5,Medium,111671,1340.05
Falcon,MX200,KTM,12,High,186668,2240.02
Cruiser,Pro300,Hero,9,High,111786,1341.43
Storm,Pro300,Suzuki,5,Low,140353,1684.24
Cruiser,X100,KTM,6,Low,100232,1202.78
Speedster,ZR700,Yamaha,7,High,50445,605.34
Racer,GT500,Yamaha,14,Medium,110115,1321.38
Racer,Pro300,BMW,5,High,172536,2070.43
Falcon,ZR700,KTM,14,Medium,188367,2260.4
Cruiser,Pro300,KTM,14,High,171052,2052.62
Rogue,MX200,Suzuki,8,Medium,171874,2062.49
Speedster,ZR700,Hero,8,Low,174901,2098.81
Falcon,Pro300,Yamaha,5,Medium,150342,1804.1
Rogue,TX900,KTM,14,High,62558,750.7
Cruiser,TX900,Honda,9,Low,64348,772.18
Speedster,TX900,Suzuki,13,Low,81633,979.6
Storm,X100,Honda,14,Medium,132001,1584.01
Speedster,GT500,BMW,11,High,195413,2344.96
Rogue,Pro300,Honda,13,Low,198736,2384.83
Speedster,TX900,Hero,10,Low,63198,758.38
Speedster,ZR700,BMW,7,Low,136710,1640.52
Racer,X100,Honda,12,High,184067,2208.8
Cruiser,Pro300,KTM,13,Low,71738,860.86
Storm,TX900,BMW,11,Medium,179277,2151.32
Rogue,Pro300,Yamaha,10,Low,84459,1013.51
Falcon,ZR700,Hero,8,Medium,54736,656.83
Racer,ZR700,KTM,14,Medium,80503,966.04
Rogue,ZR700,Yamaha,6,High,87101,1045.21
Rogue,X100,Suzuki,11,Medium,59886,718.63
Racer,ZR700,Yamaha,6,High,171763,2061.16
Speedster,MX200,KTM,5,High,185474,2225.69
Storm,Pro300,BMW,6,Medium,157150,1885.8
Rogue,TX900,BMW,6,Medium,65360,784.32
Speedster,GT500,KTM,14,High,105562,1266.74
Cruiser,TX900,KTM,8,Medium,176082,2112.98
Falcon,TX900,Yamaha,15,Low,132443,1589.32
Storm,MX200,KTM,12,Low,99254,1191.05
Storm,X100,BMW,5,Medium,56416,676.99
Speedster,TX900,BMW,8,Low,168923,2027.08
Falcon,GT500,BMW,5,Low,192692,2312.3
Racer,GT500,Yamaha,14,Medium,166600,1999.2
Racer,GT500,Hero,13,Medium,151719,1820.63
Cruiser,X100,Honda,13,Medium,55336,664.03
Racer,GT500,Honda,14,High,106745,1280.94
Storm,GT500,Yamaha,5,High,66991,803.89
Rogue,TX900,BMW,7,High,133307,1599.68
Racer,GT500,BMW,7,Medium,176051,2112.61
Falcon,Pro300,BMW,6,High,169842,2038.1
Racer,X100,Hero,13,Low,85984,1031.81
Falcon,TX900,Yamaha,8,Medium,102968,1235.62
Falcon,TX900,KTM,8,Medium,63821,765.85
Rogue,Pro300,Honda,9,High,56781,681.37
Racer,ZR700,Honda,8,Low,62211,746.53
Speedster,ZR700,Hero,14,Low,50668,608.02
Racer,GT500,Suzuki,9,Low,181306,2175.67
Falcon,TX900,Yamaha,5,Low,148206,1778.47
Rogue,ZR700,BMW,11,High,89586,1075.03
Speedster,GT500,KTM,7,Medium,189888,2278.66
Speedster,TX900,Honda,12,Medium,154946,1859.35
Speedster,X100,Yamaha,15,Medium,193247,2318.96
Storm,ZR700,Suzuki,13,Low,137084,1645.01
Speedster,X100,Yamaha,9,Medium,66311,795.73
Rogue,MX200,KTM,15,High,180729,2168.75
Speedster,Pro300,Yamaha,8,High,159565,1914.78
Falcon,X100,Honda,5,Low,120656,1447.87
Rogue,X100,Yamaha,7,Medium,61994,743.93
Racer,GT500,KTM,10,Low,88384,1060.61
Speedster,GT500,Suzuki,11,High,144383,1732.6
Speedster,TX900,Yamaha,11,Low,107205,1286.46
Cruiser,GT500,Suzuki,15,High,124540,1494.48
Storm,TX900,BMW,14,Low,95276,1143.31
Racer,GT500,BMW,5,Low,76254,915.05
Cruiser,X100,Honda,5,Low,81403,976.84
Rogue,TX900,Yamaha,8,High,167514,2010.17
Rogue,MX200,Yamaha,13,Medium,104145,1249.74
Storm,Pro300,Yamaha,9,Medium,84844,1018.13
Cruiser,MX200,Honda,12,High,52242,626.9
Falcon,TX900,Yamaha,13,Medium,180873,2170.48
Rogue,X100,BMW,6,Low,158749,1904.99
Rogue,TX900,Suzuki,6,High,176216,2114.59
Rogue,MX200,Honda,13,Medium,67958,815.5
Falcon,ZR700,BMW,9,High,65010,780.12
Storm,TX900,Honda,5,High,100821,1209.85
Cruiser,GT500,BMW,9,High,112763,1353.16
Speedster,Pro300,Suzuki,11,Medium,80695,968.34
Rogue,X100,Suzuki,6,Medium,84436,1013.23
Speedster,TX900,BMW,12,Low,189711,2276.53
Speedster,TX900,KTM,7,Medium,93884,1126.61
Falcon,MX200,BMW,10,Low,183766,2205.19
Rogue,ZR700,Honda,10,Low,70459,845.51
Speedster,GT500,KTM,13,High,179055,2148.66
Racer,X100,Suzuki,10,Low,168842,2026.1
Cruiser,MX200,Honda,8,High,145009,1740.11
Racer,Pro300,Hero,15,High,155429,1865.15
Speedster,TX900,Honda,12,Low,149152,1789.82
Racer,ZR700,BMW,5,Low,140485,1685.82
Storm,MX200,Suzuki,9,High,175314,2103.77
Cruiser,GT500,BMW,5,Low,157769,1893.23
Racer,Pro300,Hero,14,Medium,169773,2037.28
Racer,GT500,Yamaha,11,Medium,105268,1263.22
Racer,GT500,BMW,13,Medium,132952,1595.42
Speedster,Pro300,Hero,7,Low,146690,1760.28
Rogue,Pro300,Yamaha,15,Medium,113326,1359.91
Storm,TX900,BMW,14,Medium,151519,1818.23
Speedster,GT500,Hero,15,Medium,153367,1840.4
Speedster,X100,Hero,5,High,102876,1234.51
Cruiser,Pro300,Yamaha,11,High,124700,1496.4
Rogue,ZR700,Suzuki,9,High,190225,2282.7
Storm,TX900,Hero,10,High,125924,1511.09
Racer,X100,Honda,9,Medium,77412,928.94
Speedster,X100,Honda,13,High,183455,2201.46
Falcon,ZR700,KTM,14,Medium,99425,1193.1
Rogue,TX900,Suzuki,5,Low,59728,716.74
Storm,MX200,Honda,5,High,74688,896.26
Rogue,MX200,Honda,5,Medium,148268,1779.22
Storm,X100,KTM,9,Medium,139527,1674.32
Falcon,TX900,Honda,12,High,50454,605.45
Storm,MX200,KTM,13,High,137358,1648.3
Storm,GT500,Honda,7,Medium,115309,1383.71
Racer,X100,Suzuki,7,Medium,62257,747.08
Storm,X100,BMW,7,Low,111023,1332.28
Racer,Pro300,Hero,9,Medium,54021,648.25
Rogue,TX900,Suzuki,8,Low,101534,1218.41
Falcon,GT500,Suzuki,8,Low,159610,1915.32
Speedster,Pro300,Honda,13,High,178193,2138.32
Storm,X100,Yamaha,9,Medium,172171,2066.05
Racer,X100,BMW,11,Medium,124779,1497.35
Speedster,X100,BMW,11,Low,154475,1853.7
Storm,Pro300,Yamaha,9,High,120181,1442.17
Storm,GT500,BMW,10,Low,125446,1505.35
Falcon,ZR700,Honda,13,Low,68013,816.16
Falcon,MX200,Suzuki,10,Medium,197797,2373.56
Storm,GT500,Hero,6,High,59118,709.42
Falcon,Pro300,Honda,10,High,147974,1775.69
Speedster,X100,Honda,9,Medium,137789,1653.47
Racer,ZR700,KTM,6,High,106903,1282.84
Racer,X100,Hero,13,High,190290,2283.48
Storm,Pro300,Hero,10,High,193316,2319.79
Cruiser,TX900,BMW,13,Low,182982,2195.78
Racer,TX900,Hero,15,Medium,192423,2309.08
Rogue,TX900,KTM,13,Low,149284,1791.41
Storm,TX900,Suzuki,12,Low,143301,1719.61
Rogue,X100,Suzuki,5,Medium,64099,769.19
Racer,Pro300,KTM,9,Medium,63304,759.65
Cruiser,TX900,BMW,12,Medium,142674,1712.09
Cruiser,Pro300,Yamaha,8,Low,97074,1164.89
Speedster,MX200,Honda,7,Low,144689,1736.27
Falcon,GT500,KTM,9,Medium,138684,1664.21
Falcon,ZR700,Hero,5,High,169445,2033.34
Rogue,Pro300,Suzuki,9,Low,78972,947.66
Cruiser,GT500,Yamaha,6,Medium,147638,1771.66
Cruiser,GT500,BMW,11,Medium,180411,2164.93
Storm,X100,Yamaha,10,High,199680,2396.16
Cruiser,MX200,Honda,5,Low,61502,738.02
Falcon,MX200,Honda,6,Medium,143744,1724.93
Falcon,TX900,Yamaha,13,Low,177543,2130.52
Racer,ZR700,Honda,5,Low,74933,899.2
Rogue,MX200,BMW,15,Medium,164780,1977.36
Rogue,TX900,Suzuki,6,Medium,115816,1389.79
Storm,X100,Yamaha,9,Low,106636,1279.63
Speedster,TX900,BMW,13,Medium,173548,2082.58
Cruiser,MX200,Hero,6,Medium,164070,1968.84
Racer,Pro300,Yamaha,8,Low,61583,739
Rogue,MX200,Yamaha,15,Low,71958,863.5
Falcon,MX200,Yamaha,14,Medium,119236,1430.83
Rogue,ZR700,BMW,9,High,161847,1942.16
Cruiser,ZR700,Suzuki,15,Low,180633,2167.6
Storm,Pro300,Honda,9,Medium,149995,1799.94
Storm,ZR700,BMW,8,Medium,193286,2319.43
Speedster,MX200,Suzuki,6,High,186751,2241.01
Speedster,ZR700,KTM,13,High,125877,1510.52
Cruiser,Pro300,Hero,14,High,76395,916.74
Rogue,ZR700,Honda,15,Medium,80340,964.08
Cruiser,MX200,KTM,12,Medium,125108,1501.3
Speedster,Pro300,Yamaha,5,Medium,154078,1848.94
Storm,TX900,Yamaha,9,Medium,57582,690.98
Speedster,GT500,BMW,13,High,56649,679.79
Racer,X100,Suzuki,12,Low,50237,602.84
Falcon,MX200,KTM,15,High,106514,1278.17
Cruiser,MX200,BMW,10,High,51167,614
Falcon,Pro300,BMW,14,High,101757,1221.08
Storm,Pro300,Hero,14,Medium,177378,2128.54
Falcon,GT500,Yamaha,7,Low,113099,1357.19
Cruiser,X100,Suzuki,7,Low,75562,906.74
Cruiser,MX200,KTM,5,Low,88747,1064.96
Cruiser,MX200,Suzuki,11,Medium,155383,1864.6
Cruiser,ZR700,KTM,6,Low,128460,1541.52
Storm,Pro300,Hero,12,Low,96264,1155.17
Speedster,Pro300,Suzuki,5,Low,155077,1860.92
Storm,TX900,KTM,13,High,57789,693.47
Cruiser,MX200,BMW,5,Low,175649,2107.79
Storm,TX900,Honda,8,Medium,166631,1999.57
Rogue,GT500,BMW,5,Medium,143595,1723.14
Speedster,Pro300,Yamaha,13,Low,159643,1915.72
Falcon,Pro300,Honda,15,Low,67349,808.19
Storm,X100,Yamaha,11,Low,91666,1099.99
Racer,ZR700,Honda,5,Low,104738,1256.86
Storm,X100,Suzuki,11,Medium,173419,2081.03
Falcon,Pro300,Hero,8,Low,93268,1119.22
Racer,TX900,BMW,6,Low,173506,2082.07
Speedster,GT500,Suzuki,9,Medium,122081,1464.97
Cruiser,MX200,Suzuki,11,Low,167376,2008.51
Rogue,Pro300,Yamaha,11,Medium,76611,919.33
Racer,GT500,Suzuki,8,High,130010,1560.12
Racer,ZR700,Honda,10,High,167628,2011.54
Falcon,MX200,KTM,5,Medium,79529,954.35
Speedster,ZR700,Suzuki,12,Medium,141153,1693.84
Racer,MX200,Honda,7,Low,117272,1407.26
Rogue,TX900,BMW,6,High,78532,942.38
Racer,TX900,KTM,6,Low,191134,2293.61
Cruiser,GT500,BMW,13,Medium,179803,2157.64
Speedster,X100,KTM,8,Low,131543,1578.52
Rogue,Pro300,KTM,8,High,159326,1911.91
Falcon,X100,Suzuki,9,Medium,146828,1761.94
Speedster,MX200,Honda,5,Medium,140763,1689.16
Cruiser,MX200,Honda,15,Medium,83518,1002.22
Rogue,ZR700,Honda,8,High,123224,1478.69
Speedster,GT500,Suzuki,13,Medium,157931,1895.17
Storm,TX900,Honda,7,Low,177440,2129.28
Speedster,GT500,Hero,6,Medium,196715,2360.58
Racer,X100,Yamaha,11,High,166365,1996.38
Speedster,GT500,BMW,14,Low,105997,1271.96
Speedster,Pro300,BMW,12,High,71222,854.66
Storm,TX900,BMW,8,Low,181555,2178.66
Falcon,GT500,Honda,7,Low,145778,1749.34
Speedster,TX900,Yamaha,11,High,73306,879.67
Falcon,TX900,Suzuki,13,Medium,113056,1356.67
Falcon,TX900,Honda,11,Medium,161299,1935.59
Storm,Pro300,KTM,13,Low,54830,657.96
Rogue,MX200,Yamaha,5,Medium,68350,820.2
Speedster,MX200,BMW,10,High,172986,2075.83
Storm,ZR700,BMW,13,High,176087,2113.04
Speedster,TX900,Hero,7,Low,191284,2295.41
Falcon,Pro300,Yamaha,5,Medium,131372,1576.46
Storm,X100,Honda,5,High,125065,1500.78
Racer,ZR700,Honda,5,Low,192704,2312.45
Falcon,ZR700,Hero,8,Low,84747,1016.96
Storm,ZR700,Hero,5,High,144309,1731.71
Racer,ZR700,Yamaha,6,High,169250,2031
Rogue,GT500,KTM,14,Low,66810,801.72
Cruiser,TX900,Suzuki,15,High,99415,1192.98
Rogue,Pro300,Suzuki,11,High,119879,1438.55
Storm,Pro300,Honda,15,Medium,91279,1095.35
Racer,MX200,Suzuki,6,Low,195191,2342.29
Rogue,MX200,Hero,7,Medium,115388,1384.66
Racer,Pro300,Yamaha,10,Low,91492,1097.9
Rogue,GT500,Hero,15,Medium,67177,806.12
Racer,ZR700,Hero,14,Low,116745,1400.94
Rogue,MX200,Hero,6,Low,85322,1023.86
Racer,Pro300,BMW,15,Medium,156877,1882.52
Speedster,MX200,KTM,15,Low,165212,1982.54
Cruiser,Pro300,Honda,7,Medium,151147,1813.76
Rogue,Pro300,BMW,10,High,172874,2074.49
Speedster,ZR700,Hero,10,Medium,75066,900.79
Cruiser,GT500,KTM,9,High,196062,2352.74
Rogue,MX200,BMW,6,Low,98366,1180.39
Storm,TX900,Suzuki,15,Medium,96503,1158.04
Racer,X100,Suzuki,6,Medium,160071,1920.85
Falcon,ZR700,Yamaha,11,Medium,152349,1828.19
Speedster,TX900,Honda,15,Medium,88249,1058.99
Racer,MX200,Hero,15,High,144663,1735.96
Storm,ZR700,BMW,10,Low,81883,982.6
Racer,Pro300,Honda,15,High,103982,1247.78
Cruiser,ZR700,Yamaha,15,Medium,153157,1837.88
Storm,Pro300,KTM,7,Medium,63842,766.1
Rogue,ZR700,Hero,10,High,57633,691.6
Speedster,ZR700,Yamaha,10,Low,84979,1019.75
Storm,Pro300,KTM,8,Medium,158897,1906.76
Storm,GT500,BMW,10,Medium,159315,1911.78
Falcon,TX900,Yamaha,11,Low,99171,1190.05
Speedster,Pro300,BMW,13,Low,79173,950.08
Racer,ZR700,KTM,15,High,54622,655.46
Cruiser,TX900,BMW,10,High,148603,1783.24
Storm,ZR700,KTM,15,Medium,118084,1417.01
Cruiser,ZR700,Yamaha,6,Low,186306,2235.67
Speedster,X100,KTM,15,High,154578,1854.94
Rogue,MX200,Suzuki,5,Medium,187760,2253.12
Storm,GT500,Yamaha,5,Low,108206,1298.47
Falcon,MX200,KTM,8,Medium,143110,1717.32
Rogue,ZR700,Yamaha,6,High,58057,696.68
Falcon,MX200,Yamaha,10,Medium,168788,2025.46
Racer,GT500,Honda,9,Medium,74326,891.91
Speedster,X100,Suzuki,7,Medium,128303,1539.64
Racer,GT500,KTM,12,High,68090,817.08
Cruiser,MX200,Honda,6,High,113653,1363.84
Cruiser,X100,BMW,15,Low,102969,1235.63
Storm,TX900,Hero,10,Medium,55841,670.09
Rogue,MX200,BMW,10,High,162781,1953.37
Speedster,MX200,Yamaha,10,Medium,151213,1814.56
Falcon,GT500,Suzuki,8,Low,145208,1742.5
Falcon,MX200,BMW,12,High,135142,1621.7
Racer,ZR700,BMW,13,Medium,53623,643.48
Rogue,GT500,Suzuki,8,Medium,103005,1236.06
Cruiser,GT500,Honda,15,Low,191571,2298.85
Rogue,MX200,Honda,5,Medium,162654,1951.85
Falcon,GT500,Yamaha,10,High,72214,866.57
Storm,MX200,Honda,10,High,91704,1100.45
Falcon,X100,KTM,14,Low,86876,1042.51
Falcon,TX900,KTM,10,Low,116194,1394.33
Storm,X100,BMW,11,Low,100835,1210.02
Speedster,TX900,Honda,9,Low,135570,1626.84
Racer,GT500,KTM,7,High,53682,644.18
Racer,MX200,Suzuki,15,High,191246,2294.95
Storm,ZR700,KTM,5,Low,132492,1589.9
Rogue,TX900,Hero,12,Medium,110702,1328.42
Falcon,MX200,Honda,15,High,83174,998.09
Cruiser,GT500,Yamaha,8,High,54765,657.18
Rogue,Pro300,Honda,8,Medium,66295,795.54
Storm,Pro300,Yamaha,5,High,101983,1223.8
Speedster,GT500,Suzuki,9,High,109767,1317.2
Falcon,X100,Yamaha,14,High,154143,1849.72
Storm,GT500,Suzuki,10,Low,98039,1176.47
Cruiser,Pro300,KTM,10,Low,165085,1981.02
Falcon,ZR700,BMW,11,Medium,157505,1890.06
Cruiser,GT500,Honda,10,High,175569,2106.83
Cruiser,MX200,Suzuki,5,Low,75660,907.92
Cruiser,MX200,Hero,15,High,100146,1201.75
Rogue,Pro300,Hero,6,Medium,166139,1993.67
Cruiser,ZR700,KTM,14,Medium,198153,2377.84
Falcon,GT500,Honda,5,Low,177121,2125.45
Speedster,Pro300,Hero,6,High,82869,994.43
Storm,MX200,BMW,7,Low,75053,900.64
Storm,X100,Suzuki,8,Low,143668,1724.02
Speedster,MX200,Yamaha,7,Medium,119957,1439.48
Cruiser,MX200,Hero,5,Medium,188548,2262.58
Speedster,X100,Hero,5,Low,110966,1331.59
Cruiser,GT500,KTM,11,Low,154205,1850.46
Storm,X100,KTM,8,Medium,148887,1786.64
Storm,Pro300,Hero,9,High,196827,2361.92
Falcon,TX900,Honda,5,Medium,80949,971.39
Cruiser,GT500,Yamaha,9,High,151513,1818.16
Falcon,ZR700,Yamaha,10,High,89693,1076.32
Racer,TX900,Hero,15,Medium,118874,1426.49
Falcon,Pro300,BMW,13,Medium,98938,1187.26
Speedster,TX900,Yamaha,6,High,174291,2091.49
Falcon,MX200,Yamaha,12,Low,195672,2348.06
Speedster,Pro300,Hero,12,High,110292,1323.5
Racer,ZR700,Suzuki,15,Medium,127681,1532.17
Falcon,ZR700,Honda,13,High,113655,1363.86
Racer,X100,Hero,5,High,115813,1389.76
Rogue,ZR700,Hero,12,Low,76692,920.3
Speedster,TX900,Yamaha,15,Low,125006,1500.07
Falcon,TX900,KTM,7,High,52818,633.82
Falcon,MX200,Suzuki,8,Medium,144488,1733.86
Speedster,X100,Suzuki,8,High,175429,2105.15
Rogue,TX900,Hero,11,High,165413,1984.96
Speedster,TX900,KTM,6,High,69826,837.91
Racer,TX900,Yamaha,6,Low,81307,975.68
Rogue,MX200,Hero,9,Low,140311,1683.73
Falcon,Pro300,Yamaha,7,High,108495,1301.94
Racer,Pro300,Honda,7,High,127399,1528.79
Speedster,ZR700,KTM,9,High,100638,1207.66
Rogue,TX900,Hero,8,Medium,118907,1426.88
Rogue,MX200,Hero,6,Medium,157328,1887.94
Racer,ZR700,Yamaha,11,Low,64594,775.13
Speedster,Pro300,Hero,7,Low,56984,683.81
Cruiser,Pro300,Honda,12,Low,186014,2232.17
Falcon,TX900,Yamaha,6,High,116690,1400.28
Storm,X100,Yamaha,9,Low,175628,2107.54
Speedster,ZR700,Suzuki,5,High,79124,949.49
Cruiser,GT500,Suzuki,12,High,185188,2222.26
Falcon,TX900,Yamaha,6,Low,105580,1266.96
Racer,ZR700,Hero,10,Low,51994,623.93
Storm,MX200,Honda,5,High,133407,1600.88
Racer,TX900,KTM,5,Medium,52430,629.16
Rogue,MX200,KTM,5,High,91223,1094.68
Cruiser,TX900,Honda,11,Medium,86526,1038.31
Falcon,X100,BMW,13,High,122257,1467.08
Racer,X100,Hero,6,Medium,119480,1433.76
Cruiser,ZR700,Hero,14,Medium,149659,1795.91
Speedster,Pro300,Honda,13,Medium,96867,1162.4
Rogue,Pro300,Suzuki,13,Medium,120904,1450.85
Racer,X100,Hero,7,Low,110641,1327.69
Speedster,ZR700,Honda,14,Medium,64433,773.2
Racer,Pro300,Hero,10,Medium,125024,1500.29
Storm,TX900,KTM,9,Low,53784,645.41
Speedster,Pro300,Honda,15,Low,112399,1348.79
Speedster,MX200,Suzuki,7,Medium,147913,1774.96
Storm,MX200,Hero,5,High,77257,927.08
Storm,X100,Yamaha,11,Medium,152194,1826.33
Racer,ZR700,Yamaha,15,High,177608,2131.3
Racer,MX200,Hero,8,Medium,179773,2157.28
Storm,GT500,Honda,8,High,181075,2172.9
Storm,TX900,Honda,6,Medium,160412,1924.94
Falcon,ZR700,Honda,11,High,182944,2195.33
Cruiser,GT500,Honda,15,Medium,162502,1950.02
Rogue,GT500,KTM,11,Medium,193890,2326.68
Storm,TX900,Hero,8,Medium,149345,1792.14
Racer,GT500,Suzuki,9,High,71483,857.8
Rogue,Pro300,Yamaha,10,High,101115,1213.38
Cruiser,MX200,Honda,9,Medium,73690,884.28
Storm,Pro300,Suzuki,14,Low,169604,2035.25
Speedster,TX900,Yamaha,9,Low,126187,1514.24
Storm,Pro300,Suzuki,11,Medium,109731,1316.77
Falcon,X100,Yamaha,8,Low,81416,976.99
Cruiser,X100,Honda,11,High,189458,2273.5
Speedster,GT500,Suzuki,5,Medium,181657,2179.88
Storm,MX200,Suzuki,12,Low,178341,2140.09
Racer,X100,KTM,6,Low,89770,1077.24
Rogue,TX900,Yamaha,9,Medium,84207,1010.48
Rogue,MX200,Suzuki,9,Low,77394,928.73
Falcon,MX200,KTM,6,High,53316,639.79
Falcon,TX900,Honda,13,Low,168388,2020.66
Falcon,Pro300,Suzuki,12,Low,155843,1870.12
Speedster,TX900,Hero,7,High,110952,1331.42
Speedster,GT500,Suzuki,10,Medium,195368,2344.42
Rogue,MX200,Yamaha,14,High,181333,2176
Rogue,GT500,Hero,13,Medium,120331,1443.97
Rogue,TX900,Yamaha,13,Low,190195,2282.34
Racer,TX900,Suzuki,7,Low,92650,1111.8
Storm,GT500,KTM,9,Low,113851,1366.21
Rogue,MX200,Honda,12,High,57257,687.08
Rogue,MX200,Yamaha,10,High,90833,1090
Cruiser,ZR700,Yamaha,10,Low,116326,1395.91
Falcon,MX200,Suzuki,13,Low,101926,1223.11
Rogue,TX900,Yamaha,5,High,178406,2140.87
Speedster,TX900,Suzuki,14,High,73977,887.72
Cruiser,TX900,KTM,5,Low,82852,994.22
Racer,MX200,Honda,9,Low,122809,1473.71
Rogue,MX200,Yamaha,7,Low,124056,1488.67
Falcon,ZR700,Hero,14,Medium,183043,2196.52
Cruiser,Pro300,Hero,8,High,168863,2026.36
Racer,GT500,Suzuki,9,Low,84788,1017.46
Rogue,X100,KTM,9,Medium,124932,1499.18
Racer,MX200,Hero,13,High,112909,1354.91
Speedster,Pro300,KTM,7,High,88209,1058.51
Rogue,TX900,KTM,5,High,152332,1827.98
Racer,ZR700,Suzuki,12,High,106049,1272.59
Cruiser,MX200,Hero,12,Low,93841,1126.09
Speedster,MX200,Honda,15,Low,139743,1676.92
Storm,Pro300,KTM,9,Low,164940,1979.28
Racer,X100,Honda,6,Medium,111925,1343.1
Racer,Pro300,Suzuki,14,High,117179,1406.15
Rogue,GT500,KTM,8,High,186187,2234.24
Rogue,Pro300,BMW,11,High,131200,1574.4
Falcon,TX900,Honda,10,High,123969,1487.63
Racer,TX900,Yamaha,9,Medium,196648,2359.78
Rogue,ZR700,Yamaha,9,High,83757,1005.08
Speedster,Pro300,Hero,14,High,189900,2278.8
Racer,MX200,Honda,12,High,128189,1538.27
Storm,ZR700,BMW,8,Low,77592,931.1
Racer,TX900,Hero,8,Low,82264,987.17
Falcon,GT500,Yamaha,15,High,178635,2143.62
Cruiser,MX200,KTM,13,Low,63910,766.92
Racer,MX200,Honda,7,High,177161,2125.93
Cruiser,X100,Yamaha,6,Low,186996,2243.95
Storm,Pro300,KTM,9,High,188754,2265.05
Storm,GT500,BMW,11,Low,171977,2063.72
Speedster,GT500,BMW,12,Low,121501,1458.01
Cruiser,X100,Hero,5,High,71346,856.15
Cruiser,GT500,KTM,15,Medium,151313,1815.76
Storm,MX200,Yamaha,9,High,87592,1051.1
Falcon,X100,Hero,6,High,88561,1062.73
Racer,X100,Hero,7,Low,145962,1751.54
Cruiser,MX200,Hero,12,Low,94999,1139.99
Storm,Pro300,KTM,8,High,166348,1996.18
Racer,GT500,KTM,12,Low,72580,870.96
Racer,GT500,KTM,8,High,110726,1328.71
Falcon,X100,Yamaha,14,Medium,95583,1147
Cruiser,TX900,BMW,13,High,140714,1688.57
Speedster,ZR700,Yamaha,7,High,122935,1475.22
Speedster,TX900,Hero,10,Low,126770,1521.24
Cruiser,Pro300,KTM,11,Medium,104907,1258.88
Rogue,Pro300,KTM,11,Low,85958,1031.5
Racer,ZR700,KTM,8,High,171188,2054.26
Storm,TX900,Hero,14,Low,73800,885.6
Speedster,GT500,KTM,7,High,82481,989.77
Cruiser,MX200,Suzuki,13,Low,184089,2209.07
Rogue,TX900,Yamaha,13,High,82980,995.76
Falcon,ZR700,Suzuki,7,Low,167368,2008.42
Speedster,ZR700,Suzuki,6,Medium,66290,795.48
Storm,MX200,Hero,8,Medium,129130,1549.56
Falcon,ZR700,BMW,11,Low,81037,972.44
Storm,X100,KTM,6,High,77136,925.63
Rogue,X100,Honda,11,Medium,192728,2312.74
Racer,X100,BMW,15,High,88887,1066.64
Storm,X100,Yamaha,12,Medium,189151,2269.81
Racer,MX200,KTM,7,High,190092,2281.1
Storm,Pro300,Hero,13,High,100780,1209.36
Racer,Pro300,Hero,8,Medium,74711,896.53
Falcon,X100,Suzuki,13,Low,98740,1184.88
Storm,Pro300,Yamaha,11,Medium,180116,2161.39
Storm,GT500,Hero,5,High,67180,806.16
Speedster,TX900,Honda,7,Medium,165142,1981.7
Storm,TX900,KTM,9,High,126658,1519.9
Racer,GT500,KTM,14,Low,111851,1342.21
Racer,MX200,Hero,13,High,192932,2315.18
Cruiser,TX900,Yamaha,9,Medium,169006,2028.07
Rogue,TX900,Honda,9,Low,140512,1686.14
Racer,MX200,Yamaha,12,High,145147,1741.76
Speedster,X100,Yamaha,15,Medium,172102,2065.22
Racer,Pro300,Yamaha,8,Low,128346,1540.15
Falcon,X100,Yamaha,10,High,172139,2065.67
Storm,GT500,Suzuki,13,Low,114496,1373.95
Rogue,GT500,KTM,10,Low,103923,1247.08
Falcon,MX200,Suzuki,14,Low,67101,805.21
Speedster,ZR700,BMW,13,Low,132064,1584.77
Racer,TX900,BMW,5,Medium,149818,1797.82
Speedster,Pro300,Hero,7,Medium,61246,734.95
Speedster,GT500,KTM,13,High,96017,1152.2
Racer,TX900,Hero,11,Medium,73014,876.17
Falcon,GT500,Honda,6,Low,160808,1929.7
Cruiser,Pro300,KTM,13,Low,179720,2156.64
Racer,MX200,KTM,13,Low,56231,674.77
Cruiser,X100,KTM,13,High,195974,2351.69
Storm,MX200,Hero,10,Low,197947,2375.36
Cruiser,ZR700,KTM,5,Low,156717,1880.6
Cruiser,X100,BMW,8,Medium,68570,822.84
Rogue,MX200,Honda,5,Low,50945,611.34
Falcon,ZR700,Yamaha,10,Low,71230,854.76
Speedster,X100,Suzuki,13,Medium,103540,1242.48
Cruiser,GT500,Yamaha,10,Low,135497,1625.96
Racer,ZR700,BMW,15,Medium,172631,2071.57
Racer,Pro300,Hero,10,Medium,57931,695.17
Cruiser,Pro300,KTM,7,High,134877,1618.52
Storm,Pro300,KTM,6,Low,133111,1597.33
Speedster,ZR700,KTM,8,High,117488,1409.86
Racer,ZR700,Hero,12,Medium,53921,647.05
Speedster,TX900,KTM,5,High,73694,884.33
Speedster,GT500,Yamaha,9,Low,53299,639.59
Falcon,Pro300,Suzuki,8,Low,186768,2241.22
Falcon,X100,Suzuki,15,High,190094,2281.13
Racer,TX900,Hero,5,Low,91858,1102.3
Racer,TX900,Honda,10,Medium,139663,1675.96
Cruiser,GT500,Hero,7,High,150900,1810.8
Speedster,ZR700,Yamaha,13,High,116446,1397.35
Rogue,Pro300,KTM,11,Medium,146262,1755.14
Storm,ZR700,Honda,7,Medium,181790,2181.48
Cruiser,Pro300,Yamaha,6,Low,110003,1320.04
Speedster,MX200,Honda,8,High,65499,785.99
Speedster,GT500,KTM,15,Medium,52295,627.54
Falcon,X100,BMW,15,Medium,148484,1781.81
Storm,Pro300,Hero,12,Medium,67273,807.28
Racer,GT500,KTM,9,High,123814,1485.77
Rogue,TX900,Honda,6,Medium,156419,1877.03
Speedster,MX200,Suzuki,9,Medium,144565,1734.78
Racer,X100,Suzuki,13,Medium,109861,1318.33
Storm,GT500,KTM,14,Low,148748,1784.98
Storm,TX900,Honda,15,High,92901,1114.81
Rogue,TX900,Suzuki,13,Low,140336,1684.03
Cruiser,GT500,BMW,11,Low,191581,2298.97
Racer,GT500,Suzuki,7,Medium,72397,868.76
Rogue,TX900,KTM,10,High,195981,2351.77
Cruiser,X100,Yamaha,8,Low,88061,1056.73
Storm,ZR700,Yamaha,8,Low,78746,944.95
Speedster,Pro300,Suzuki,9,Low,137671,1652.05
Falcon,TX900,BMW,15,High,175909,2110.91
Racer,X100,KTM,12,Low,67107,805.28
Speedster,TX900,Hero,11,High,162803,1953.64
Falcon,X100,Yamaha,11,High,150431,1805.17
Storm,X100,Honda,11,Medium,58580,702.96
Storm,ZR700,BMW,10,Medium,88782,1065.38
Storm,Pro300,Suzuki,5,Medium,62960,755.52
Storm,TX900,BMW,10,Medium,86195,1034.34
Racer,X100,KTM,14,Medium,70214,842.57
Cruiser,ZR700,Yamaha,7,Medium,184414,2212.97
Storm,GT500,Suzuki,13,High,60806,729.67
Rogue,X100,KTM,9,High,101030,1212.36
Falcon,Pro300,KTM,14,High,101074,1212.89
Storm,X100,BMW,12,High,189961,2279.53
Cruiser,X100,Yamaha,12,Medium,190891,2290.69
Falcon,GT500,Suzuki,15,Low,116584,1399.01
Rogue,TX900,Suzuki,5,High,95936,1151.23
Storm,Pro300,Yamaha,12,Medium,142544,1710.53
Falcon,ZR700,KTM,10,High,118851,1426.21
Rogue,TX900,Suzuki,8,Medium,63860,766.32
Falcon,MX200,Hero,8,Low,56952,683.42
Racer,ZR700,KTM,5,High,110165,1321.98
Racer,MX200,KTM,12,Medium,59629,715.55
Racer,TX900,Yamaha,9,Medium,52485,629.82
Speedster,TX900,BMW,15,High,112093,1345.12
Racer,TX900,Yamaha,11,Medium,143661,1723.93
Falcon,TX900,BMW,7,Low,137381,1648.57
Storm,TX900,Honda,13,High,108268,1299.22
Rogue,Pro300,Suzuki,7,High,70026,840.31
Speedster,GT500,Suzuki,5,Low,79740,956.88
Cruiser,X100,Suzuki,7,High,85146,1021.75
Storm,MX200,Yamaha,8,Medium,139502,1674.02
Cruiser,GT500,Honda,12,Low,160167,1922
Storm,GT500,Yamaha,7,Medium,173232,2078.78
Falcon,TX900,KTM,8,Medium,188756,2265.07
Falcon,X100,KTM,8,Medium,126745,1520.94
Cruiser,GT500,BMW,5,High,141830,1701.96
Racer,MX200,KTM,12,High,95974,1151.69
Falcon,TX900,KTM,7,Medium,60759,729.11
Falcon,TX900,Suzuki,7,Medium,153915,1846.98
Rogue,Pro300,Yamaha,13,Medium,114579,1374.95
Speedster,Pro300,BMW,11,Low,193065,2316.78
Cruiser,TX900,Yamaha,15,Medium,85816,1029.79
Falcon,TX900,KTM,14,Medium,153606,1843.27
Rogue,MX200,Suzuki,13,Low,110407,1324.88
Speedster,MX200,Suzuki,15,Medium,94995,1139.94
Speedster,TX900,KTM,8,Low,75802,909.62
Speedster,GT500,Suzuki,14,Medium,146718,1760.62
Rogue,TX900,Hero,12,High,165529,1986.35
Falcon,X100,BMW,9,Low,108060,1296.72
Cruiser,TX900,Yamaha,6,Medium,129212,1550.54
Storm,X100,KTM,10,High,199595,2395.14
Storm,Pro300,KTM,11,Low,67345,808.14
Rogue,X100,Suzuki,14,Medium,84823,1017.88
Racer,MX200,Yamaha,10,Low,145264,1743.17
Falcon,X100,Suzuki,14,Medium,161950,1943.4
Cruiser,MX200,BMW,6,High,151925,1823.1
Cruiser,MX200,Honda,9,Low,116718,1400.62
Cruiser,GT500,BMW,11,Medium,128724,1544.69
Storm,X100,BMW,12,Medium,90685,1088.22
Speedster,X100,KTM,5,High,144257,1731.08
Racer,X100,Yamaha,13,High,58722,704.66
Storm,X100,KTM,11,Medium,61180,734.16
Racer,ZR700,KTM,7,High,61011,732.13
Speedster,Pro300,Yamaha,8,High,53874,646.49
Speedster,MX200,Suzuki,13,High,70470,845.64
Rogue,Pro300,Honda,11,High,169257,2031.08
Storm,GT500,Yamaha,14,Medium,119304,1431.65
Falcon,X100,KTM,15,High,146046,1752.55
Rogue,ZR700,Hero,11,Medium,176269,2115.23
Speedster,X100,Yamaha,6,Low,165629,1987.55
Rogue,ZR700,Suzuki,13,High,168497,2021.96
Storm,X100,KTM,10,High,121201,1454.41
Falcon,MX200,KTM,7,Low,148867,1786.4
Racer,Pro300,Suzuki,11,Low,57590,691.08
Rogue,GT500,Honda,11,High,136092,1633.1
Falcon,GT500,BMW,14,Low,159008,1908.1
Cruiser,ZR700,Honda,11,Medium,149078,1788.94
Speedster,ZR700,Suzuki,8,Low,95645,1147.74
Rogue,X100,Suzuki,7,Low,113973,1367.68
Cruiser,MX200,Honda,5,High,166129,1993.55
Rogue,TX900,KTM,6,Low,108684,1304.21
Rogue,MX200,KTM,12,Low,187646,2251.75
Falcon,TX900,Yamaha,7,High,80488,965.86
Storm,Pro300,Yamaha,10,Medium,57221,686.65
Storm,X100,BMW,13,Medium,72189,866.27
Cruiser,GT500,BMW,10,High,87905,1054.86
Speedster,X100,Suzuki,10,Low,125222,1502.66
Racer,MX200,Yamaha,6,Low,103639,1243.67
Falcon,ZR700,KTM,6,Medium,75776,909.31
Cruiser,ZR700,Honda,6,Low,163342,1960.1
Racer,Pro300,Suzuki,9,Medium,66678,800.14
Falcon,MX200,Honda,11,High,63505,762.06
Storm,MX200,Yamaha,14,Medium,151233,1814.8
Cruiser,TX900,Yamaha,11,Low,151445,1817.34
Storm,TX900,BMW,13,High,188261,2259.13
Rogue,ZR700,Yamaha,8,Low,142739,1712.87
Rogue,MX200,Suzuki,14,High,151412,1816.94
Cruiser,ZR700,BMW,6,Low,164972,1979.66
Speedster,GT500,Hero,14,Medium,138364,1660.37
Storm,MX200,Yamaha,15,Medium,61219,734.63
Falcon,MX200,Honda,12,High,190589,2287.07
Racer,MX200,KTM,10,Medium,72145,865.74
Storm,X100,KTM,14,High,84093,1009.12
Falcon,ZR700,Suzuki,15,High,125544,1506.53
Rogue,TX900,Suzuki,14,Medium,75372,904.46
Speedster,X100,BMW,13,Low,54488,653.86
Rogue,Pro300,Hero,9,High,113678,1364.14
Racer,TX900,Yamaha,8,Low,63019,756.23
Speedster,GT500,Hero,5,High,130539,1566.47
Storm,TX900,BMW,6,High,121333,1456
Rogue,MX200,KTM,15,Medium,185643,2227.72
Rogue,GT500,Yamaha,10,Low,57369,688.43
Cruiser,TX900,BMW,10,Low,76856,922.27
Racer,X100,KTM,5,High,98551,1182.61
Rogue,Pro300,Yamaha,13,Low,53200,638.4
Storm,MX200,Yamaha,6,High,77000,924
Storm,X100,BMW,14,Low,58276,699.31
Racer,X100,KTM,11,Low,113933,1367.2
Racer,TX900,KTM,11,Low,146143,1753.72
Falcon,ZR700,Yamaha,13,Medium,75096,901.15
Speedster,GT500,KTM,5,Medium,70081,840.97
Racer,Pro300,Suzuki,15,High,124570,1494.84
Racer,X100,Hero,7,Low,98813,1185.76
Speedster,X100,Yamaha,12,High,96296,1155.55
Rogue,ZR700,Suzuki,10,Low,118560,1422.72
Cruiser,Pro300,Hero,10,High,120863,1450.36
Racer,Pro300,BMW,7,Low,165874,1990.49
Falcon,Pro300,Honda,12,Low,144918,1739.02
Cruiser,TX900,Honda,7,Low,181354,2176.25
Cruiser,Pro300,KTM,6,High,162209,1946.51
Cruiser,MX200,Hero,10,Low,192826,2313.91
Storm,ZR700,Hero,9,High,170789,2049.47
Rogue,GT500,BMW,10,High,158099,1897.19
Speedster,X100,Suzuki,11,Medium,50806,609.67
Storm,ZR700,Honda,6,Medium,64093,769.12
Cruiser,Pro300,Suzuki,9,Medium,198713,2384.56
Rogue,Pro300,KTM,7,Medium,66972,803.66
Rogue,TX900,BMW,11,Medium,122771,1473.25
Storm,Pro300,Hero,11,Low,112171,1346.05
Racer,MX200,BMW,10,Medium,161292,1935.5
Racer,GT500,KTM,13,Low,175616,2107.39
Storm,TX900,Yamaha,9,Low,191391,2296.69
Speedster,TX900,BMW,15,High,102951,1235.41
Storm,MX200,Suzuki,10,Low,185395,2224.74
Rogue,ZR700,Yamaha,8,Low,88011,1056.13
Rogue,Pro300,Yamaha,7,High,119166,1429.99
Speedster,GT500,BMW,10,High,126535,1518.42
Storm,X100,Honda,15,Medium,129599,1555.19
Rogue,GT500,Suzuki,11,Low,186071,2232.85
Racer,ZR700,BMW,7,Medium,196871,2362.45
Cruiser,MX200,Yamaha,10,Low,96623,1159.48
Speedster,X100,BMW,8,High,124814,1497.77
Storm,MX200,Suzuki,11,Medium,180988,2171.86
Speedster,MX200,BMW,11,Low,163144,1957.73
Speedster,TX900,Suzuki,6,Medium,161641,1939.69
Storm,Pro300,Suzuki,6,Medium,115071,1380.85
Speedster,GT500,Suzuki,8,Medium,149398,1792.78
Racer,X100,Honda,6,High,117448,1409.38
Racer,Pro300,KTM,5,Low,79694,956.33
Speedster,TX900,BMW,13,Medium,136651,1639.81
Falcon,ZR700,BMW,7,Medium,57484,689.81
Racer,MX200,Honda,11,High,80310,963.72
Cruiser,Pro300,BMW,7,High,78117,937.4
Rogue,GT500,Suzuki,13,Medium,86767,1041.2
Racer,Pro300,KTM,15,Medium,147975,1775.7
Speedster,Pro300,KTM,7,High,94723,1136.68
Rogue,ZR700,Yamaha,11,Low,85373,1024.48
Falcon,Pro300,Suzuki,12,Medium,59623,715.48
Speedster,ZR700,BMW,14,High,101151,1213.81
Racer,Pro300,Yamaha,15,High,104285,1251.42
Falcon,ZR700,KTM,14,Medium,75071,900.85
Speedster,ZR700,Hero,13,Low,119112,1429.34
Cruiser,ZR700,Yamaha,5,High,151589,1819.07
Cruiser,GT500,Honda,6,Medium,153627,1843.52
Speedster,TX900,BMW,6,Medium,170125,2041.5
Falcon,TX900,BMW,14,Low,87848,1054.18
Falcon,MX200,Honda,6,Low,126495,1517.94
Storm,X100,KTM,15,Low,92080,1104.96
Rogue,TX900,Hero,11,Low,80422,965.06
Speedster,TX900,Yamaha,12,High,198584,2383.01
Cruiser,GT500,KTM,13,Medium,102836,1234.03
Storm,GT500,BMW,7,High,177418,2129.02
Cruiser,GT500,Suzuki,10,Low,86834,1042.01
Storm,ZR700,BMW,12,Medium,176743,2120.92
Rogue,TX900,Hero,12,High,149180,1790.16
Rogue,ZR700,KTM,6,High,100224,1202.69
Falcon,Pro300,Yamaha,10,Medium,54160,649.92
Rogue,TX900,Honda,14,High,131920,1583.04
Falcon,GT500,Honda,6,High,169143,2029.72
Racer,GT500,Suzuki,12,Low,88708,1064.5
Cruiser,GT500,Hero,9,Medium,82664,991.97
Racer,X100,BMW,8,Medium,57553,690.64
Speedster,Pro300,Honda,5,High,131908,1582.9
Speedster,TX900,Hero,5,Medium,81490,977.88
Speedster,MX200,BMW,6,Medium,122574,1470.89
Racer,X100,BMW,5,High,176369,2116.43
Speedster,MX200,Hero,5,Medium,93353,1120.24
Falcon,ZR700,Hero,6,Low,65269,783.23
Falcon,TX900,Honda,6,Low,99740,1196.88
Speedster,X100,KTM,7,High,139160,1669.92
Racer,ZR700,Hero,7,Medium,131139,1573.67
Racer,GT500,Yamaha,15,Medium,182768,2193.22
Storm,TX900,KTM,15,Low,136975,1643.7
Rogue,GT500,KTM,13,Medium,101455,1217.46
Falcon,Pro300,KTM,6,High,151797,1821.56
Falcon,ZR700,Yamaha,7,Medium,158493,1901.92
Rogue,MX200,Suzuki,5,Low,118730,1424.76
Falcon,MX200,Honda,12,High,73950,887.4
Speedster,X100,BMW,13,Medium,112682,1352.18
Racer,TX900,Yamaha,9,Medium,169728,2036.74
Rogue,TX900,Suzuki,7,Low,152006,1824.07
Rogue,GT500,Honda,6,Low,170980,2051.76
Falcon,GT500,Suzuki,5,Medium,148851,1786.21
Racer,GT500,Yamaha,15,Medium,138216,1658.59
Cruiser,Pro300,Suzuki,8,Low,89425,1073.1
Speedster,TX900,Suzuki,10,Medium,128228,1538.74
Storm,MX200,Suzuki,5,High,107822,1293.86
Falcon,GT500,Hero,9,Low,113846,1366.15
Speedster,Pro300,Suzuki,15,Medium,60067,720.8
Racer,Pro300,Suzuki,14,Medium,176361,2116.33
Storm,TX900,Honda,14,Low,53911,646.93
Storm,MX200,Hero,9,Medium,107541,1290.49
Speedster,TX900,Suzuki,15,High,114747,1376.96
Storm,MX200,Suzuki,11,Medium,82289,987.47
Storm,X100,Honda,8,Medium,84203,1010.44
Speedster,X100,Suzuki,14,Low,75660,907.92
Cruiser,GT500,Honda,8,Medium,63141,757.69
Speedster,TX900,Honda,5,Medium,71696,860.35
Speedster,GT500,Yamaha,15,Low,121612,1459.34
Rogue,GT500,Honda,6,Low,76051,912.61
Falcon,MX200,Hero,7,Medium,84676,1016.11
Falcon,Pro300,KTM,11,High,181760,2181.12
Storm,TX900,KTM,15,High,164386,1972.63
Racer,ZR700,Yamaha,6,High,114852,1378.22
Falcon,GT500,KTM,10,Low,178583,2143
Cruiser,GT500,Honda,7,High,139180,1670.16
Racer,TX900,Hero,15,Medium,160277,1923.32
Racer,MX200,Hero,7,Medium,174280,2091.36
Racer,TX900,Yamaha,15,Low,181041,2172.49
Falcon,TX900,Suzuki,10,Medium,183558,2202.7
Storm,TX900,KTM,15,Low,150536,1806.43
Racer,Pro300,Suzuki,13,Low,129557,1554.68
Rogue,Pro300,Hero,10,Low,58384,700.61
Cruiser,GT500,Suzuki,14,Medium,174146,2089.75
Cruiser,ZR700,KTM,8,Low,189992,2279.9
Rogue,TX900,BMW,5,Low,116787,1401.44
Rogue,MX200,Yamaha,12,Low,126711,1520.53
Cruiser,GT500,BMW,10,Medium,162013,1944.16
Rogue,TX900,Suzuki,10,High,58321,699.85
Cruiser,MX200,Hero,9,Low,54118,649.42
Rogue,GT500,Yamaha,15,Medium,147495,1769.94
Racer,X100,KTM,5,High,51550,618.6
Storm,MX200,KTM,8,Low,177921,2135.05
Cruiser,GT500,Suzuki,14,Medium,51884,622.61
Racer,MX200,Suzuki,6,High,130523,1566.28
Racer,X100,BMW,8,Medium,100103,1201.24
Cruiser,MX200,Honda,7,High,120405,1444.86
Rogue,MX200,BMW,13,High,120823,1449.88
Racer,ZR700,Suzuki,7,Medium,54572,654.86
Rogue,GT500,Honda,13,Medium,179801,2157.61
Cruiser,GT500,BMW,5,High,130562,1566.74
Racer,GT500,Honda,15,Low,82802,993.62
Storm,X100,Yamaha,11,High,58622,703.46
Storm,TX900,Hero,7,Medium,107245,1286.94
Falcon,TX900,Honda,14,High,173900,2086.8
Rogue,MX200,Honda,13,Medium,157101,1885.21
Rogue,TX900,BMW,15,Medium,107171,1286.05
Racer,MX200,Suzuki,13,Low,65500,786
Storm,TX900,Suzuki,12,Medium,85680,1028.16
Racer,GT500,BMW,13,Low,100341,1204.09
Storm,Pro300,KTM,13,Low,168924,2027.09
Speedster,MX200,Suzuki,14,Low,149563,1794.76
Speedster,GT500,KTM,7,Medium,82056,984.67
Cruiser,MX200,BMW,12,Low,159928,1919.14
Rogue,X100,Honda,13,Low,52318,627.82
Cruiser,TX900,BMW,9,Medium,50976,611.71
Storm,Pro300,Honda,9,Medium,100376,1204.51
Speedster,Pro300,BMW,7,High,67952,815.42
Racer,GT500,Suzuki,5,Low,154071,1848.85
Cruiser,MX200,Honda,10,Low,146021,1752.25
Cruiser,Pro300,Yamaha,8,High,74002,888.02
Falcon,ZR700,Suzuki,6,Low,59092,709.1
Storm,ZR700,Hero,7,Medium,189002,2268.02
Speedster,MX200,Hero,9,High,54394,652.73
Speedster,X100,Suzuki,7,Low,110836,1330.03
Storm,Pro300,Hero,13,High,157850,1894.2
Rogue,TX900,Suzuki,13,Medium,84207,1010.48
Rogue,GT500,BMW,13,Low,179499,2153.99
Storm,TX900,Yamaha,13,Low,129226,1550.71
Cruiser,GT500,Honda,5,High,56017,672.2
Racer,GT500,Suzuki,9,Low,159668,1916.02
Speedster,TX900,BMW,10,Low,76244,914.93
Falcon,Pro300,Yamaha,10,Low,117269,1407.23
Speedster,GT500,BMW,5,Medium,107023,1284.28
Falcon,MX200,KTM,13,Low,81540,978.48
Falcon,MX200,BMW,13,Low,175158,2101.9
Speedster,GT500,Yamaha,8,High,139922,1679.06
Speedster,MX200,Hero,5,High,79064,948.77
Falcon,ZR700,Honda,10,Low,93003,1116.04
Storm,TX900,Yamaha,10,Low,102476,1229.71
Cruiser,Pro300,Hero,5,Medium,94422,1133.06
Cruiser,GT500,Honda,11,High,105500,1266
Falcon,Pro300,Hero,5,Medium,53740,644.88
Racer,X100,KTM,12,High,168983,2027.8
Falcon,TX900,Hero,15,Low,131791,1581.49
Rogue,ZR700,KTM,7,Medium,172039,2064.47
Racer,MX200,BMW,7,Medium,116060,1392.72
Racer,ZR700,Suzuki,7,High,159693,1916.32
Storm,ZR700,KTM,8,High,141380,1696.56
Falcon,ZR700,Honda,6,Medium,75692,908.3
Cruiser,TX900,BMW,7,High,68338,820.06
Storm,TX900,Suzuki,5,Low,141627,1699.52
Cruiser,GT500,Suzuki,5,Medium,196012,2352.14
Falcon,MX200,Honda,12,High,162424,1949.09
Storm,X100,KTM,12,Low,171863,2062.36
Cruiser,MX200,Suzuki,15,High,87762,1053.14
Cruiser,Pro300,KTM,13,Medium,166645,1999.74
Storm,Pro300,Yamaha,15,Low,119281,1431.37
Storm,TX900,KTM,11,High,111458,1337.5
Speedster,X100,BMW,11,Low,197742,2372.9
Speedster,MX200,Hero,13,High,54349,652.19
Cruiser,TX900,BMW,8,High,94518,1134.22
Falcon,TX900,Suzuki,15,High,192217,2306.6
Rogue,TX900,Hero,13,Low,136119,1633.43
Racer,X100,Yamaha,12,High,87092,1045.1
Cruiser,GT500,Yamaha,10,Low,174051,2088.61
Speedster,Pro300,Yamaha,8,High,196041,2352.49
Racer,ZR700,Yamaha,8,Low,180561,2166.73
Falcon,Pro300,Suzuki,12,Medium,183910,2206.92
Storm,GT500,Honda,14,Low,89233,1070.8
Racer,MX200,Suzuki,11,Low,81299,975.59
Racer,TX900,Suzuki,15,High,188479,2261.75
Falcon,ZR700,Hero,12,Low,81091,973.09
Speedster,Pro300,Yamaha,5,Medium,118113,1417.36
Rogue,X100,Honda,10,Low,115035,1380.42
Racer,MX200,Yamaha,10,Medium,66737,800.84
Rogue,TX900,Hero,12,High,176172,2114.06
Racer,X100,Hero,7,High,124208,1490.5
Storm,TX900,Yamaha,5,Medium,88352,1060.22
Cruiser,TX900,Yamaha,6,Low,191637,2299.64
Storm,TX900,Yamaha,15,High,182879,2194.55
Falcon,GT500,KTM,9,Low,53873,646.48
Cruiser,TX900,Suzuki,6,High,164085,1969.02
Storm,MX200,BMW,10,Low,137510,1650.12
Falcon,Pro300,Honda,10,Medium,114323,1371.88
Storm,Pro300,Yamaha,13,Medium,154356,1852.27
Cruiser,TX900,KTM,6,High,131204,1574.45
Speedster,ZR700,Yamaha,12,High,137007,1644.08
Racer,MX200,Hero,7,Medium,168293,2019.52
Racer,GT500,Yamaha,14,Low,54074,648.89
Speedster,TX900,Yamaha,8,Low,167622,2011.46
Speedster,MX200,KTM,11,Medium,55065,660.78
Speedster,ZR700,KTM,9,Medium,72846,874.15
Speedster,Pro300,Hero,12,Low,147376,1768.51
Cruiser,MX200,KTM,6,Medium,178458,2141.5
Storm,X100,Hero,11,Low,90385,1084.62
Rogue,X100,Suzuki,10,Medium,168858,2026.3
Racer,ZR700,KTM,14,High,81621,979.45
Speedster,TX900,Suzuki,15,Medium,75084,901.01
Falcon,ZR700,Yamaha,15,Low,175698,2108.38
Cruiser,MX200,Yamaha,11,Low,67302,807.62
Falcon,GT500,Honda,10,Medium,145021,1740.25
Racer,Pro300,KTM,10,High,51996,623.95
Storm,ZR700,Honda,12,High,95875,1150.5
Cruiser,X100,Honda,6,High,52646,631.75
Speedster,TX900,Yamaha,11,Medium,131132,1573.58
Rogue,X100,Honda,6,Medium,130974,1571.69
Speedster,TX900,Honda,14,High,178786,2145.43
Rogue,Pro300,Suzuki,5,Medium,55026,660.31
Speedster,ZR700,Hero,15,High,146152,1753.82
Rogue,X100,Yamaha,15,High,83526,1002.31
Cruiser,ZR700,Honda,6,Low,81694,980.33
Racer,TX900,Yamaha,15,High,103017,1236.2
Falcon,X100,Honda,6,High,96154,1153.85
Falcon,Pro300,Yamaha,5,Medium,169694,2036.33
Storm,Pro300,Suzuki,6,High,183295,2199.54
Cruiser,TX900,Suzuki,8,High,190062,2280.74
Falcon,MX200,BMW,5,Medium,187219,2246.63
Storm,GT500,Yamaha,7,Low,109142,1309.7
Speedster,MX200,Honda,15,High,72327,867.92
Falcon,GT500,Honda,10,High,184790,2217.48
Falcon,MX200,KTM,13,Medium,142714,1712.57
Racer,ZR700,KTM,6,Medium,65971,791.65
Cruiser,TX900,Honda,8,Low,103046,1236.55
Cruiser,Pro300,Honda,7,Medium,198883,2386.6
Rogue,Pro300,Hero,13,Low,50776,609.31
Racer,GT500,KTM,14,Medium,78811,945.73
Falcon,TX900,Suzuki,9,Medium,167903,2014.84
Storm,MX200,KTM,6,High,71793,861.52
Cruiser,X100,Suzuki,6,Medium,144023,1728.28
Falcon,GT500,BMW,10,Low,139049,1668.59
Rogue,ZR700,KTM,8,Medium,167592,2011.1
Storm,Pro300,Hero,6,Medium,140149,1681.79
Falcon,MX200,Honda,9,High,166510,1998.12
Racer,GT500,BMW,13,High,78873,946.48
Rogue,GT500,Honda,14,Medium,172532,2070.38
Racer,Pro300,Yamaha,8,Medium,111917,1343
Storm,ZR700,KTM,14,Low,134515,1614.18
Rogue,MX200,Honda,7,High,116770,1401.24
Falcon,Pro300,Yamaha,7,Medium,58327,699.92
Racer,ZR700,Yamaha,10,Low,157526,1890.31
Rogue,GT500,Honda,8,High,193136,2317.63
Cruiser,Pro300,BMW,6,Medium,149281,1791.37
Storm,X100,Suzuki,9,Low,102286,1227.43
Rogue,Pro300,BMW,12,High,91931,1103.17
Rogue,ZR700,Yamaha,9,High,180814,2169.77
Rogue,MX200,BMW,8,Medium,117445,1409.34
Falcon,X100,KTM,13,Medium,73505,882.06
Speedster,MX200,KTM,7,High,107593,1291.12
Rogue,MX200,KTM,15,High,118531,1422.37
Storm,GT500,Honda,11,Low,107281,1287.37
Rogue,TX900,KTM,10,Low,52855,634.26
Storm,MX200,Yamaha,12,High,63358,760.3
Rogue,ZR700,Suzuki,12,Medium,194350,2332.2
Cruiser,TX900,BMW,13,Low,97019,1164.23
Speedster,ZR700,BMW,15,High,90290,1083.48
Falcon,TX900,Yamaha,5,Medium,79649,955.79
Falcon,GT500,Yamaha,14,Medium,116090,1393.08
Rogue,Pro300,Honda,10,High,93298,1119.58
Cruiser,X100,Yamaha,11,Medium,86842,1042.1
Rogue,GT500,BMW,6,Medium,180869,2170.43
Storm,TX900,Honda,14,Medium,107667,1292
Storm,Pro300,Honda,13,Low,170554,2046.65
Falcon,ZR700,KTM,14,High,55600,667.2
Storm,ZR700,BMW,12,Low,182786,2193.43
Speedster,Pro300,BMW,13,Low,133527,1602.32
Speedster,MX200,Hero,7,Medium,125535,1506.42
Speedster,MX200,Honda,9,High,90328,1083.94
Storm,Pro300,Yamaha,11,Low,177983,2135.8
Cruiser,Pro300,Hero,9,Low,135811,1629.73
Racer,Pro300,KTM,6,High,65295,783.54
Rogue,ZR700,BMW,10,High,78952,947.42
Cruiser,X100,Suzuki,5,Low,78557,942.68
Cruiser,GT500,BMW,11,High,52407,628.88
Storm,TX900,Suzuki,10,High,159721,1916.65
Rogue,ZR700,KTM,6,High,50284,603.41
Speedster,GT500,Suzuki,13,Low,68403,820.84
Storm,X100,Yamaha,5,Medium,132152,1585.82
Rogue,GT500,BMW,5,High,94270,1131.24
Racer,TX900,BMW,6,Low,90623,1087.48
Racer,MX200,Yamaha,6,High,109518,1314.22
Cruiser,TX900,KTM,11,High,101264,1215.17
Falcon,GT500,Yamaha,11,High,182952,2195.42
Cruiser,X100,Suzuki,15,Medium,195864,2350.37
Speedster,TX900,Yamaha,11,Medium,59344,712.13
Rogue,ZR700,Honda,8,High,79637,955.64
Storm,Pro300,Hero,15,High,181603,2179.24
Speedster,ZR700,KTM,7,High,132471,1589.65
Rogue,Pro300,Yamaha,15,Medium,126663,1519.96
Rogue,TX900,Suzuki,15,Medium,50335,604.02
Rogue,TX900,Suzuki,7,High,184994,2219.93
Racer,ZR700,KTM,11,Low,150183,1802.2
Speedster,MX200,KTM,15,Low,139638,1675.66
Speedster,X100,Yamaha,8,High,187455,2249.46
Storm,TX900,Yamaha,10,High,167581,2010.97
Racer,MX200,Honda,12,Medium,80508,966.1
Rogue,ZR700,KTM,11,Medium,111062,1332.74
Rogue,ZR700,KTM,5,High,162522,1950.26
Falcon,MX200,Yamaha,6,High,116853,1402.24
Falcon,ZR700,BMW,8,Medium,164761,1977.13
Cruiser,Pro300,BMW,10,High,193609,2323.31
Speedster,X100,Hero,14,Medium,76430,917.16
Storm,TX900,KTM,7,Medium,170506,2046.07
Storm,ZR700,Suzuki,15,High,107305,1287.66
Cruiser,X100,BMW,5,Medium,143181,1718.17
Racer,TX900,Yamaha,11,Medium,129718,1556.62
Rogue,MX200,BMW,14,High,163711,1964.53
Speedster,ZR700,Hero,15,High,168039,2016.47
Falcon,GT500,BMW,11,Low,118351,1420.21
Speedster,GT500,Honda,12,Medium,80196,962.35
Storm,GT500,Suzuki,10,Medium,173313,2079.76
Racer,Pro300,Suzuki,12,High,142448,1709.38
Speedster,GT500,Yamaha,6,Medium,145100,1741.2
Speedster,Pro300,Suzuki,9,Medium,53370,640.44
Racer,GT500,Suzuki,13,High,96210,1154.52
Speedster,X100,Honda,14,Low,54646,655.75
Speedster,X100,Hero,7,Medium,175231,2102.77
Cruiser,MX200,Honda,9,High,138125,1657.5
Cruiser,GT500,Hero,13,High,124969,1499.63
Rogue,GT500,KTM,5,Low,185198,2222.38
Storm,GT500,KTM,9,High,139453,1673.44
Cruiser,GT500,BMW,7,High,116874,1402.49
Cruiser,TX900,Yamaha,12,Low,78400,940.8
Speedster,GT500,Yamaha,10,Medium,167167,2006
Cruiser,GT500,KTM,15,High,89012,1068.14
Speedster,ZR700,Honda,7,Medium,105565,1266.78
Rogue,GT500,Yamaha,13,Medium,117258,1407.1
Cruiser,X100,BMW,8,High,93100,1117.2
Storm,MX200,Yamaha,8,Low,53814,645.77
Racer,X100,Yamaha,12,Low,57647,691.76
Rogue,MX200,Hero,11,Low,87826,1053.91
Rogue,GT500,Honda,8,Medium,166825,2001.9
Rogue,Pro300,KTM,11,Low,80216,962.59
Storm,Pro300,Yamaha,5,Low,112639,1351.67
Racer,X100,Honda,9,Medium,186051,2232.61
Cruiser,MX200,BMW,11,Low,61540,738.48
Falcon,TX900,Suzuki,14,High,99241,1190.89
Speedster,TX900,Honda,10,Medium,59617,715.4
Storm,X100,Suzuki,15,Low,59148,709.78
Racer,X100,Suzuki,10,Medium,112822,1353.86
Speedster,X100,BMW,13,Medium,170360,2044.32
Storm,MX200,Yamaha,5,Medium,183506,2202.07
Falcon,TX900,KTM,12,Medium,89513,1074.16
Speedster,ZR700,Hero,12,High,56940,683.28
Falcon,X100,Suzuki,10,Medium,67786,813.43
Falcon,Pro300,Yamaha,11,High,139795,1677.54
Cruiser,Pro300,Honda,5,Medium,88624,1063.49
Speedster,X100,Hero,15,High,189220,2270.64
Storm,GT500,Hero,15,High,159725,1916.7
Racer,Pro300,Hero,15,Medium,193715,2324.58
Falcon,MX200,KTM,9,Medium,199161,2389.93
Cruiser,TX900,Honda,9,Low,54656,655.87
Racer,TX900,Hero,5,Medium,169057,2028.68
Falcon,ZR700,Yamaha,15,Medium,123653,1483.84
Falcon,Pro300,KTM,13,High,129141,1549.69
Racer,GT500,KTM,6,Low,113671,1364.05
Rogue,MX200,BMW,9,High,138301,1659.61
Falcon,Pro300,BMW,9,Low,164353,1972.24
Rogue,Pro300,Yamaha,6,High,80409,964.91
Rogue,ZR700,Yamaha,6,High,158332,1899.98
Storm,TX900,Honda,14,Low,142075,1704.9
Falcon,ZR700,Honda,5,High,155530,1866.36
Rogue,TX900,BMW,8,Medium,81743,980.92
Storm,Pro300,Suzuki,13,Medium,107875,1294.5
Speedster,ZR700,Hero,5,Low,195687,2348.24
Cruiser,MX200,Honda,15,High,110835,1330.02
Speedster,MX200,Yamaha,6,Low,189091,2269.09
Falcon,X100,Hero,10,Low,181478,2177.74
Storm,MX200,Yamaha,11,Medium,121002,1452.02
Racer,MX200,KTM,14,Low,157877,1894.52
Storm,MX200,Honda,11,Medium,53940,647.28
Speedster,MX200,Honda,7,High,185039,2220.47
Racer,MX200,Honda,9,Low,91407,1096.88
Rogue,Pro300,Hero,9,Medium,166276,1995.31
Racer,Pro300,KTM,8,Low,103182,1238.18
Cruiser,GT500,Honda,11,High,191498,2297.98
Falcon,ZR700,Hero,12,Low,151477,1817.72
Cruiser,MX200,Suzuki,5,Low,98244,1178.93
Rogue,TX900,Hero,5,Low,96217,1154.6
Cruiser,MX200,Hero,7,Medium,158647,1903.76
Racer,Pro300,Yamaha,13,Low,77515,930.18
Racer,ZR700,KTM,12,Low,191876,2302.51
Racer,MX200,Suzuki,10,Medium,65395,784.74
Storm,GT500,Honda,11,Low,99441,1193.29
Racer,X100,BMW,9,High,179285,2151.42
Speedster,ZR700,Hero,14,Low,182514,2190.17
Rogue,X100,Hero,14,High,83628,1003.54
Rogue,TX900,Suzuki,8,Low,77174,926.09
Cruiser,TX900,Suzuki,11,Medium,69593,835.12
Storm,GT500,BMW,5,Low,112265,1347.18
Rogue,TX900,Hero,14,Low,195330,2343.96
Racer,TX900,Yamaha,15,High,188508,2262.1
Falcon,Pro300,Yamaha,5,Low,159414,1912.97
Falcon,GT500,KTM,12,High,133276,1599.31
Falcon,MX200,Yamaha,5,Low,160583,1927
Speedster,GT500,KTM,11,Low,69234,830.81
Speedster,X100,Suzuki,7,Low,50561,606.73
Storm,GT500,Suzuki,13,Medium,106630,1279.56
Storm,GT500,Honda,8,Medium,64671,776.05
Rogue,MX200,Suzuki,13,High,173534,2082.41
Storm,Pro300,KTM,14,Medium,113045,1356.54
Storm,GT500,BMW,10,Low,82799,993.59
Racer,X100,Yamaha,13,Medium,73004,876.05
Racer,GT500,Honda,5,Low,70372,844.46
Storm,MX200,BMW,10,Medium,156432,1877.18
Racer,MX200,Suzuki,13,Medium,138237,1658.84
Cruiser,Pro300,Hero,11,Low,120737,1448.84
Racer,Pro300,KTM,13,High,89570,1074.84
Storm,TX900,KTM,6,Low,91125,1093.5
Cruiser,Pro300,BMW,9,High,110263,1323.16
Storm,TX900,Honda,15,Low,157366,1888.39
Storm,X100,Yamaha,13,Medium,89158,1069.9
Cruiser,MX200,BMW,13,High,72182,866.18
Storm,MX200,Suzuki,10,High,196849,2362.19
Falcon,GT500,BMW,10,High,119021,1428.25
Falcon,X100,Hero,5,High,65145,781.74
Speedster,TX900,Honda,7,High,147410,1768.92
Storm,GT500,Yamaha,8,Medium,176885,2122.62
Storm,Pro300,Hero,15,Medium,161297,1935.56
Racer,TX900,BMW,12,Low,147168,1766.02
Rogue,X100,BMW,5,High,117571,1410.85
Cruiser,X100,Hero,15,High,177737,2132.84
Racer,X100,Honda,11,Medium,197621,2371.45
Racer,ZR700,BMW,12,High,100696,1208.35
Falcon,GT500,KTM,5,Low,124068,1488.82
Rogue,TX900,BMW,9,Medium,104652,1255.82
Cruiser,X100,BMW,14,Low,67544,810.53
Racer,Pro300,Suzuki,6,Low,161714,1940.57
Rogue,Pro300,Honda,8,Medium,153867,1846.4
Rogue,X100,Honda,6,Low,101892,1222.7
Cruiser,TX900,Yamaha,15,High,169108,2029.3
Speedster,MX200,BMW,14,Medium,181174,2174.09
Racer,Pro300,KTM,14,Medium,176127,2113.52
Storm,MX200,KTM,11,Low,182064,2184.77
Falcon,GT500,Yamaha,8,High,144037,1728.44
Racer,TX900,KTM,9,Medium,90269,1083.23
Racer,ZR700,Hero,6,Medium,190036,2280.43
Storm,TX900,Honda,11,Medium,141201,1694.41
Speedster,MX200,KTM,9,High,158949,1907.39
Speedster,MX200,Suzuki,7,High,125431,1505.17
Cruiser,ZR700,Suzuki,9,Medium,88163,1057.96
Cruiser,MX200,KTM,13,Medium,193254,2319.05
Rogue,ZR700,Suzuki,6,Low,187745,2252.94
Falcon,GT500,Hero,10,Low,160368,1924.42
Falcon,X100,Hero,7,Medium,179497,2153.96
Speedster,MX200,KTM,12,Medium,74829,897.95
Cruiser,MX200,KTM,10,Low,119508,1434.1
Falcon,ZR700,Hero,5,Low,102645,1231.74
Falcon,GT500,BMW,10,Medium,84420,1013.04
Racer,Pro300,Hero,8,Low,145164,1741.97
Racer,GT500,Honda,12,Low,127776,1533.31
Racer,GT500,BMW,8,High,173973,2087.68
Cruiser,GT500,KTM,14,Medium,143128,1717.54
Speedster,TX900,Honda,10,High,127100,1525.2
Speedster,GT500,Yamaha,5,High,147529,1770.35
Storm,Pro300,Yamaha,14,Medium,135478,1625.74
Speedster,MX200,Yamaha,9,Medium,168007,2016.08
Racer,TX900,KTM,12,Low,101142,1213.7
Falcon,ZR700,Yamaha,13,Low,99206,1190.47
Rogue,X100,BMW,11,Medium,151045,1812.54
Cruiser,ZR700,Honda,14,Medium,164759,1977.11
Rogue,ZR700,Honda,5,Medium,160800,1929.6
Speedster,GT500,BMW,15,Low,94473,1133.68
Racer,Pro300,KTM,7,High,55129,661.55
Rogue,ZR700,KTM,8,High,124634,1495.61
Falcon,TX900,Suzuki,9,High,129187,1550.24
Speedster,Pro300,Honda,11,Low,77688,932.26
Racer,Pro300,Hero,15,Low,153710,1844.52
Cruiser,ZR700,KTM,6,High,107379,1288.55
Speedster,GT500,Yamaha,9,High,88569,1062.83
Speedster,Pro300,BMW,14,Medium,182735,2192.82
Cruiser,Pro300,Yamaha,15,Low,155838,1870.06
Falcon,GT500,Suzuki,10,Low,106305,1275.66
Racer,MX200,Hero,14,Medium,94818,1137.82
Storm,MX200,Hero,13,Medium,89653,1075.84
Cruiser,GT500,KTM,12,High,119838,1438.06
Racer,TX900,Honda,9,High,118320,1419.84
Storm,Pro300,Suzuki,9,Medium,187078,2244.94
Storm,ZR700,Yamaha,6,Low,143778,1725.34
Rogue,TX900,Hero,11,High,84205,1010.46
Rogue,GT500,Honda,7,Low,175332,2103.98
Falcon,Pro300,Suzuki,11,Medium,132528,1590.34
Storm,Pro300,Yamaha,10,Medium,77739,932.87
Cruiser,X100,Suzuki,5,High,70354,844.25
Speedster,TX900,Suzuki,15,Low,147086,1765.03
Rogue,X100,Yamaha,12,Medium,119400,1432.8
Rogue,Pro300,Honda,10,Low,124130,1489.56
Racer,MX200,BMW,11,Low,132377,1588.52
Rogue,Pro300,Yamaha,14,High,148086,1777.03
Rogue,ZR700,BMW,8,Low,140258,1683.1
Cruiser,MX200,BMW,10,Low,84954,1019.45
Racer,ZR700,KTM,13,Low,74108,889.3
Rogue,ZR700,Yamaha,11,Low,62763,753.16
Cruiser,MX200,Yamaha,8,High,82575,990.9
Speedster,MX200,Hero,10,High,54441,653.29
Cruiser,GT500,KTM,12,Medium,123183,1478.2
Cruiser,ZR700,Yamaha,15,Low,100653,1207.84
Falcon,GT500,Honda,10,Low,144856,1738.27
Cruiser,Pro300,Honda,13,Low,66351,796.21
Racer,MX200,BMW,7,Low,54627,655.52
Rogue,TX900,Yamaha,11,Low,80160,961.92
Speedster,X100,Yamaha,9,Medium,58621,703.45
Storm,ZR700,BMW,6,Low,95827,1149.92
Speedster,ZR700,Hero,9,High,170154,2041.85
Speedster,ZR700,Yamaha,5,Low,136376,1636.51
Speedster,Pro300,Hero,7,Medium,146799,1761.59
Racer,Pro300,Honda,10,High,67065,804.78
Racer,X100,KTM,11,High,158045,1896.54
Racer,TX900,Suzuki,9,High,157783,1893.4
Speedster,TX900,Honda,12,High,105882,1270.58
Falcon,GT500,Hero,15,Medium,88734,1064.81
Storm,GT500,Yamaha,10,Low,108300,1299.6
Cruiser,ZR700,BMW,7,High,104229,1250.75
Storm,GT500,Suzuki,12,Medium,139217,1670.6
Storm,ZR700,Hero,5,Low,123475,1481.7
Falcon,GT500,Yamaha,9,High,56614,679.37
Speedster,ZR700,Hero,6,High,99483,1193.8
Storm,GT500,Honda,13,High,52853,634.24
Rogue,Pro300,Suzuki,8,Medium,101261,1215.13
Storm,GT500,Yamaha,8,High,175439,2105.27
Speedster,X100,BMW,15,Low,71017,852.2
Speedster,GT500,Honda,6,Medium,53397,640.76
Speedster,TX900,Yamaha,13,High,152978,1835.74
Rogue,GT500,Yamaha,14,High,170228,2042.74
Speedster,TX900,Suzuki,10,Low,131172,1574.06
Racer,GT500,Honda,15,High,113700,1364.4
Speedster,X100,Yamaha,5,High,118805,1425.66
Cruiser,TX900,Suzuki,12,Medium,74051,888.61
Cruiser,TX900,Honda,6,Low,142410,1708.92
Racer,X100,Yamaha,10,High,185261,2223.13
Speedster,Pro300,KTM,13,Medium,151485,1817.82
Rogue,GT500,Hero,10,Low,145219,1742.63
Speedster,MX200,KTM,5,Low,162193,1946.32
Cruiser,TX900,KTM,12,Low,131211,1574.53
Storm,GT500,BMW,6,Medium,181653,2179.84
Falcon,GT500,Honda,6,High,62943,755.32
Rogue,X100,KTM,6,Medium,125421,1505.05
Storm,GT500,Suzuki,8,Low,138658,1663.9
Racer,ZR700,Suzuki,11,High,199257,2391.08
Rogue,X100,KTM,12,Low,176725,2120.7
Cruiser,GT500,Hero,8,Medium,191437,2297.24
Cruiser,GT500,Suzuki,15,Low,55751,669.01
Cruiser,X100,Hero,11,High,196939,2363.27
Rogue,ZR700,Hero,8,High,137477,1649.72
Rogue,X100,Yamaha,13,Low,183277,2199.32
Storm,TX900,KTM,14,Medium,175043,2100.52
Racer,ZR700,Hero,11,Medium,60325,723.9
Racer,X100,BMW,9,Medium,133216,1598.59
Racer,TX900,KTM,12,High,164432,1973.18
Storm,ZR700,Honda,14,High,192614,2311.37
Storm,Pro300,Yamaha,15,High,81515,978.18
Racer,MX200,Honda,5,High,198026,2376.31
Speedster,TX900,Yamaha,14,High,100524,1206.29
Falcon,Pro300,Honda,5,Low,110306,1323.67
Racer,Pro300,Honda,13,High,139536,1674.43
Racer,X100,Yamaha,8,High,61555,738.66
Rogue,GT500,Hero,6,Medium,190465,2285.58
Rogue,ZR700,KTM,15,High,113031,1356.37
Racer,X100,BMW,8,Low,127094,1525.13
Storm,ZR700,BMW,8,High,92475,1109.7
Racer,X100,Yamaha,9,Medium,83896,1006.75
Cruiser,TX900,Hero,8,Medium,165039,1980.47
Cruiser,Pro300,BMW,11,High,145992,1751.9
Cruiser,GT500,BMW,9,Low,82615,991.38
Rogue,TX900,Honda,9,Low,144975,1739.7
Falcon,X100,Hero,10,Medium,52343,628.12
Speedster,MX200,Hero,12,Medium,187870,2254.44
Storm,GT500,BMW,13,Medium,61998,743.98
Speedster,GT500,Yamaha,7,Low,68498,821.98
Cruiser,TX900,Yamaha,6,Medium,190202,2282.42
